#
# There is insufficient memory for the Java Runtime Environment to continue.
# Native memory allocation (malloc) failed to allocate 984176 bytes. Error detail: Chunk::new
# Possible reasons:
#   The system is out of physical RAM or swap space
#   This process is running with CompressedOops enabled, and the Java Heap may be blocking the growth of the native heap
# Possible solutions:
#   Reduce memory load on the system
#   Increase physical memory or swap space
#   Check if swap backing store is full
#   Decrease Java heap size (-Xmx/-Xms)
#   Decrease number of Java threads
#   Decrease Java thread stack sizes (-Xss)
#   Set larger code cache with -XX:ReservedCodeCacheSize=
#   JVM is running with Unscaled Compressed Oops mode in which the Java heap is
#     placed in the first 4GB address space. The Java Heap base address is the
#     maximum limit for the native heap growth. Please use -XX:HeapBaseMinAddress
#     to set the Java Heap base and to place the Java Heap above 4GB virtual address.
# This output file may be truncated or incomplete.
#
#  Out of Memory Error (arena.cpp:168), pid=56820, tid=36456
#
# JRE version: OpenJDK Runtime Environment Temurin-21.0.7+6 (21.0.7+6) (build 21.0.7+6-LTS)
# Java VM: OpenJDK 64-Bit Server VM Temurin-21.0.7+6 (21.0.7+6-LTS, mixed mode, sharing, tiered, compressed oops, compressed class ptrs, g1 gc, windows-amd64)
# No core dump will be written. Minidumps are not enabled by default on client versions of Windows
#

---------------  S U M M A R Y ------------

Command Line: --add-opens=java.base/java.lang=ALL-UNNAMED --add-opens=java.base/java.lang.invoke=ALL-UNNAMED --add-opens=java.base/java.util=ALL-UNNAMED --add-opens=java.prefs/java.util.prefs=ALL-UNNAMED --add-exports=jdk.compiler/com.sun.tools.javac.api=ALL-UNNAMED --add-exports=jdk.compiler/com.sun.tools.javac.util=ALL-UNNAMED --add-opens=java.base/java.nio.charset=ALL-UNNAMED --add-opens=java.base/java.net=ALL-UNNAMED --add-opens=java.base/java.util.concurrent=ALL-UNNAMED --add-opens=java.base/java.util.concurrent.atomic=ALL-UNNAMED --add-opens=java.xml/javax.xml.namespace=ALL-UNNAMED --add-opens=java.base/java.time=ALL-UNNAMED -Xmx2048m -Dfile.encoding=UTF-8 -Duser.country=IN -Duser.language=en -Duser.variant -javaagent:D:\Apps\cineversemvicleanarchitecture\.gradle\wrapper\dists\gradle-9.6.1-bin\4ticwg1pgcbps2hj28r8so764\gradle-9.6.1\lib\agents\gradle-instrumentation-agent-9.6.1.jar org.gradle.launcher.daemon.bootstrap.GradleDaemon 9.6.1

Host: 11th Gen Intel(R) Core(TM) i5-1145G7 @ 2.60GHz, 8 cores, 15G,  Windows 11 , 64 bit Build 26100 (10.0.26100.8875)
Time: Tue Aug 18 11:45:03 2026 India Standard Time elapsed time: 153.780126 seconds (0d 0h 2m 33s)

---------------  T H R E A D  ---------------

Current thread (0x000002b1001ed1a0):  JavaThread "C2 CompilerThread1" daemon [_thread_in_native, id=36456, stack(0x000000f11b600000,0x000000f11b700000) (1024K)]


Current CompileTask:
C2:153780 22893       4       ksp.org.jetbrains.kotlin.fir.deserialization.AbstractFirDeserializedSymbolProvider::getClassLikeSymbolByClassId (67 bytes)

Stack: [0x000000f11b600000,0x000000f11b700000]
Native frames: (J=compiled Java code, j=interpreted, Vv=VM code, C=native code)
V  [jvm.dll+0x6ce119]
V  [jvm.dll+0x8a84a1]
V  [jvm.dll+0x8aa9ce]
V  [jvm.dll+0x8ab0b3]
V  [jvm.dll+0x27f8a6]
V  [jvm.dll+0xc507d]
V  [jvm.dll+0xc55b3]
V  [jvm.dll+0x3b68f2]
V  [jvm.dll+0x382aa5]
V  [jvm.dll+0x381f0a]
V  [jvm.dll+0x247af0]
V  [jvm.dll+0x2470cf]
V  [jvm.dll+0x1c760e]
V  [jvm.dll+0x25695a]
V  [jvm.dll+0x254efa]
V  [jvm.dll+0x3f03f6]
V  [jvm.dll+0x851f6b]
V  [jvm.dll+0x6cc7dd]
C  [ucrtbase.dll+0x2cd30]
C  [KERNEL32.DLL+0x2e957]
C  [ntdll.dll+0xaad6c]


---------------  P R O C E S S  ---------------

Threads class SMR info:
_java_thread_list=0x000002b173917eb0, length=69, elements={
0x000002b10f08d860, 0x000002b12bd07a10, 0x000002b12bd0a470, 0x000002b12bd11190,
0x000002b12bd0ced0, 0x000002b12bd0d530, 0x000002b12bd0e7f0, 0x000002b12bd22c30,
0x000002b12bd2be90, 0x000002b16d13f4d0, 0x000002b16d28bdb0, 0x000002b173935110,
0x000002b17390af90, 0x000002b173a9b8a0, 0x000002b173a7f960, 0x000002b173a7ffc0,
0x000002b173a6fc30, 0x000002b173a70290, 0x000002b173a67410, 0x000002b173a67aa0,
0x000002b173a68130, 0x000002b173a687c0, 0x000002b173a666f0, 0x000002b173a68e50,
0x000002b173a694e0, 0x000002b173a66d80, 0x000002b173a69b70, 0x000002b173b2fd30,
0x000002b173b2e2f0, 0x000002b173b31770, 0x000002b173b303c0, 0x000002b173b2f010,
0x000002b173b2f6a0, 0x000002b173b310e0, 0x000002b173b35280, 0x000002b173b33840,
0x000002b17728ccc0, 0x000002b17728d9e0, 0x000002b17728b280, 0x000002b17728b910,
0x000002b17728e070, 0x000002b17728abf0, 0x000002b177290e60, 0x000002b177291b80,
0x000002b17728fab0, 0x000002b1772914f0, 0x000002b17728e700, 0x000002b177292210,
0x000002b1772907d0, 0x000002b175c78a30, 0x000002b175c755b0, 0x000002b175c790c0,
0x000002b175c7ab00, 0x000002b177b48430, 0x000002b177b4ab90, 0x000002b177b4b220,
0x000002b177b48ac0, 0x000002b17f3c1030, 0x000002b17f3bf5f0, 0x000002b17f3bfc80,
0x000002b17f3be8d0, 0x000002b17f3c3100, 0x000002b177b4c5d0, 0x000002b177b4d2f0,
0x000002b175c79de0, 0x000002b175aa21c0, 0x000002b175aa3c00, 0x000002b1001ed1a0,
0x000002b100c4e190
}

Java Threads: ( => current thread )
  0x000002b10f08d860 JavaThread "main"                              [_thread_blocked, id=52588, stack(0x000000f116900000,0x000000f116a00000) (1024K)]
  0x000002b12bd07a10 JavaThread "Reference Handler"          daemon [_thread_blocked, id=57020, stack(0x000000f117100000,0x000000f117200000) (1024K)]
  0x000002b12bd0a470 JavaThread "Finalizer"                  daemon [_thread_blocked, id=48576, stack(0x000000f117200000,0x000000f117300000) (1024K)]
  0x000002b12bd11190 JavaThread "Signal Dispatcher"          daemon [_thread_blocked, id=21248, stack(0x000000f117300000,0x000000f117400000) (1024K)]
  0x000002b12bd0ced0 JavaThread "Attach Listener"            daemon [_thread_blocked, id=53028, stack(0x000000f117400000,0x000000f117500000) (1024K)]
  0x000002b12bd0d530 JavaThread "Service Thread"             daemon [_thread_blocked, id=57748, stack(0x000000f117500000,0x000000f117600000) (1024K)]
  0x000002b12bd0e7f0 JavaThread "Monitor Deflation Thread"   daemon [_thread_blocked, id=53492, stack(0x000000f117600000,0x000000f117700000) (1024K)]
  0x000002b12bd22c30 JavaThread "C2 CompilerThread0"         daemon [_thread_in_native, id=51896, stack(0x000000f117700000,0x000000f117800000) (1024K)]
  0x000002b12bd2be90 JavaThread "C1 CompilerThread0"         daemon [_thread_in_native, id=50604, stack(0x000000f117800000,0x000000f117900000) (1024K)]
  0x000002b16d13f4d0 JavaThread "Common-Cleaner"             daemon [_thread_blocked, id=57296, stack(0x000000f117900000,0x000000f117a00000) (1024K)]
  0x000002b16d28bdb0 JavaThread "Notification Thread"        daemon [_thread_blocked, id=58984, stack(0x000000f117a00000,0x000000f117b00000) (1024K)]
  0x000002b173935110 JavaThread "Daemon health stats"               [_thread_blocked, id=55248, stack(0x000000f118200000,0x000000f118300000) (1024K)]
  0x000002b17390af90 JavaThread "Incoming local TCP Connector on port 63944"        [_thread_in_native, id=12884, stack(0x000000f118300000,0x000000f118400000) (1024K)]
  0x000002b173a9b8a0 JavaThread "Daemon periodic checks"            [_thread_blocked, id=50152, stack(0x000000f118400000,0x000000f118500000) (1024K)]
  0x000002b173a7f960 JavaThread "Daemon"                            [_thread_blocked, id=55736, stack(0x000000f117b00000,0x000000f117c00000) (1024K)]
  0x000002b173a7ffc0 JavaThread "Handler for socket connection from /127.0.0.1:63944 to /127.0.0.1:63945"        [_thread_in_native, id=56744, stack(0x000000f117c00000,0x000000f117d00000) (1024K)]
  0x000002b173a6fc30 JavaThread "Cancel handler"                    [_thread_blocked, id=41132, stack(0x000000f118500000,0x000000f118600000) (1024K)]
  0x000002b173a70290 JavaThread "Daemon worker"                     [_thread_blocked, id=53728, stack(0x000000f118600000,0x000000f118700000) (1024K)]
  0x000002b173a67410 JavaThread "Asynchronous log dispatcher for DefaultDaemonConnection: socket connection from /127.0.0.1:63944 to /127.0.0.1:63945"        [_thread_blocked, id=59996, stack(0x000000f118700000,0x000000f118800000) (1024K)]
  0x000002b173a67aa0 JavaThread "Stdin handler"                     [_thread_blocked, id=56512, stack(0x000000f118800000,0x000000f118900000) (1024K)]
  0x000002b173a68130 JavaThread "Daemon client event forwarder"        [_thread_blocked, id=56520, stack(0x000000f118900000,0x000000f118a00000) (1024K)]
  0x000002b173a687c0 JavaThread "Cache worker for journal cache (D:\Apps\cineversemvicleanarchitecture\.gradle\caches\journal-1)"        [_thread_blocked, id=52740, stack(0x000000f118a00000,0x000000f118b00000) (1024K)]
  0x000002b173a666f0 JavaThread "File lock request listener"        [_thread_in_native, id=43824, stack(0x000000f118b00000,0x000000f118c00000) (1024K)]
  0x000002b173a68e50 JavaThread "Cache worker for file hash cache (D:\Apps\cineversemvicleanarchitecture\.gradle\caches\9.6.1\fileHashes)"        [_thread_blocked, id=32632, stack(0x000000f118d00000,0x000000f118e00000) (1024K)]
  0x000002b173a694e0 JavaThread "Cache worker for file hash cache (D:\Apps\cineversemvicleanarchitecture\.gradle\9.6.1\fileHashes)"        [_thread_blocked, id=55992, stack(0x000000f119100000,0x000000f119200000) (1024K)]
  0x000002b173a66d80 JavaThread "Cache worker for Build Output Cleanup Cache (D:\Apps\cineversemvicleanarchitecture\.gradle\buildOutputCleanup)"        [_thread_blocked, id=35560, stack(0x000000f119200000,0x000000f119300000) (1024K)]
  0x000002b173a69b70 JavaThread "File watcher server"        daemon [_thread_in_native, id=57416, stack(0x000000f119300000,0x000000f119400000) (1024K)]
  0x000002b173b2fd30 JavaThread "File watcher consumer"      daemon [_thread_blocked, id=54128, stack(0x000000f119400000,0x000000f119500000) (1024K)]
  0x000002b173b2e2f0 JavaThread "Cache worker for file content cache (D:\Apps\cineversemvicleanarchitecture\.gradle\caches\9.6.1\fileContent)"        [_thread_blocked, id=54060, stack(0x000000f119500000,0x000000f119600000) (1024K)]
  0x000002b173b31770 JavaThread "Cache worker for checksums cache (D:\Apps\cineversemvicleanarchitecture\.gradle\9.6.1\checksums)"        [_thread_blocked, id=40912, stack(0x000000f119600000,0x000000f119700000) (1024K)]
  0x000002b173b303c0 JavaThread "Cache worker for cache directory md-supplier (D:\Apps\cineversemvicleanarchitecture\.gradle\caches\9.6.1\md-supplier)"        [_thread_blocked, id=55848, stack(0x000000f118c00000,0x000000f118d00000) (1024K)]
  0x000002b173b2f010 JavaThread "Cache worker for cache directory md-rule (D:\Apps\cineversemvicleanarchitecture\.gradle\caches\9.6.1\md-rule)"        [_thread_blocked, id=59036, stack(0x000000f119700000,0x000000f119800000) (1024K)]
  0x000002b173b2f6a0 JavaThread "Build operations"                  [_thread_blocked, id=6264, stack(0x000000f119900000,0x000000f119a00000) (1024K)]
  0x000002b173b310e0 JavaThread "Memory manager"                    [_thread_blocked, id=59308, stack(0x000000f119a00000,0x000000f119b00000) (1024K)]
  0x000002b173b35280 JavaThread "build event listener"              [_thread_blocked, id=55132, stack(0x000000f116800000,0x000000f116900000) (1024K)]
  0x000002b173b33840 JavaThread "build event listener"              [_thread_blocked, id=52796, stack(0x000000f119c00000,0x000000f119d00000) (1024K)]
  0x000002b17728ccc0 JavaThread "included builds"                   [_thread_blocked, id=43024, stack(0x000000f119e00000,0x000000f119f00000) (1024K)]
  0x000002b17728d9e0 JavaThread "Cache worker for execution history cache (D:\Apps\cineversemvicleanarchitecture\.gradle\9.6.1\executionHistory)"        [_thread_blocked, id=15884, stack(0x000000f119f00000,0x000000f11a000000) (1024K)]
  0x000002b17728b280 JavaThread "Unconstrained build operations"        [_thread_blocked, id=22292, stack(0x000000f11a000000,0x000000f11a100000) (1024K)]
  0x000002b17728b910 JavaThread "Unconstrained build operations Thread 2"        [_thread_blocked, id=20892, stack(0x000000f11a100000,0x000000f11a200000) (1024K)]
  0x000002b17728e070 JavaThread "Unconstrained build operations Thread 3"        [_thread_blocked, id=53052, stack(0x000000f11a200000,0x000000f11a300000) (1024K)]
  0x000002b17728abf0 JavaThread "Unconstrained build operations Thread 4"        [_thread_blocked, id=45728, stack(0x000000f11a300000,0x000000f11a400000) (1024K)]
  0x000002b177290e60 JavaThread "Unconstrained build operations Thread 5"        [_thread_blocked, id=53748, stack(0x000000f11a400000,0x000000f11a500000) (1024K)]
  0x000002b177291b80 JavaThread "Unconstrained build operations Thread 6"        [_thread_blocked, id=47744, stack(0x000000f11a500000,0x000000f11a600000) (1024K)]
  0x000002b17728fab0 JavaThread "Unconstrained build operations Thread 7"        [_thread_blocked, id=34500, stack(0x000000f11a600000,0x000000f11a700000) (1024K)]
  0x000002b1772914f0 JavaThread "Unconstrained build operations Thread 8"        [_thread_blocked, id=48260, stack(0x000000f11a700000,0x000000f11a800000) (1024K)]
  0x000002b17728e700 JavaThread "Unconstrained build operations Thread 9"        [_thread_blocked, id=56940, stack(0x000000f11a800000,0x000000f11a900000) (1024K)]
  0x000002b177292210 JavaThread "Unconstrained build operations Thread 10"        [_thread_blocked, id=21072, stack(0x000000f11a900000,0x000000f11aa00000) (1024K)]
  0x000002b1772907d0 JavaThread "Unconstrained build operations Thread 11"        [_thread_blocked, id=6140, stack(0x000000f116700000,0x000000f116800000) (1024K)]
  0x000002b175c78a30 JavaThread "Unconstrained build operations Thread 12"        [_thread_blocked, id=52868, stack(0x000000f11aa00000,0x000000f11ab00000) (1024K)]
  0x000002b175c755b0 JavaThread "Unconstrained build operations Thread 13"        [_thread_blocked, id=23868, stack(0x000000f11ab00000,0x000000f11ac00000) (1024K)]
  0x000002b175c790c0 JavaThread "Unconstrained build operations Thread 14"        [_thread_blocked, id=53268, stack(0x000000f11ac00000,0x000000f11ad00000) (1024K)]
  0x000002b175c7ab00 JavaThread "Unconstrained build operations Thread 15"        [_thread_blocked, id=27896, stack(0x000000f11ad00000,0x000000f11ae00000) (1024K)]
  0x000002b177b48430 JavaThread "Unconstrained build operations Thread 16"        [_thread_blocked, id=48516, stack(0x000000f11ae00000,0x000000f11af00000) (1024K)]
  0x000002b177b4ab90 JavaThread "Unconstrained build operations Thread 17"        [_thread_blocked, id=36804, stack(0x000000f11af00000,0x000000f11b000000) (1024K)]
  0x000002b177b4b220 JavaThread "Unconstrained build operations Thread 18"        [_thread_blocked, id=54980, stack(0x000000f11b000000,0x000000f11b100000) (1024K)]
  0x000002b177b48ac0 JavaThread "WorkerExecutor Queue"              [_thread_in_Java, id=53464, stack(0x000000f11b200000,0x000000f11b300000) (1024K)]
  0x000002b17f3c1030 JavaThread "DefaultDispatcher-worker-1" daemon [_thread_blocked, id=53100, stack(0x000000f116600000,0x000000f116700000) (1024K)]
  0x000002b17f3bf5f0 JavaThread "DefaultDispatcher-worker-2" daemon [_thread_blocked, id=28272, stack(0x000000f11b100000,0x000000f11b200000) (1024K)]
  0x000002b17f3bfc80 JavaThread "DefaultDispatcher-worker-3" daemon [_thread_blocked, id=54816, stack(0x000000f11b300000,0x000000f11b400000) (1024K)]
  0x000002b17f3be8d0 JavaThread "Periodic tasks thread"      daemon [_thread_blocked, id=59088, stack(0x000000f119b00000,0x000000f119c00000) (1024K)]
  0x000002b17f3c3100 JavaThread "ApplicationImpl pooled thread 1"        [_thread_blocked, id=27980, stack(0x000000f119d00000,0x000000f119e00000) (1024K)]
  0x000002b177b4c5d0 JavaThread "ForkJoinPool.commonPool-worker-1" daemon [_thread_blocked, id=43432, stack(0x000000f11b500000,0x000000f11b600000) (1024K)]
  0x000002b177b4d2f0 JavaThread "Java2D Disposer"            daemon [_thread_blocked, id=56728, stack(0x000000f11b400000,0x000000f11b500000) (1024K)]
  0x000002b175c79de0 JavaThread "AWT-Windows"                daemon [_thread_in_native, id=58764, stack(0x000000f11b700000,0x000000f11b800000) (1024K)]
  0x000002b175aa21c0 JavaThread "ForkJoinPool.commonPool-worker-2" daemon [_thread_blocked, id=4076, stack(0x000000f11b900000,0x000000f11ba00000) (1024K)]
  0x000002b175aa3c00 JavaThread "ForkJoinPool.commonPool-worker-3" daemon [_thread_blocked, id=59056, stack(0x000000f11ba00000,0x000000f11bb00000) (1024K)]
=>0x000002b1001ed1a0 JavaThread "C2 CompilerThread1"         daemon [_thread_in_native, id=36456, stack(0x000000f11b600000,0x000000f11b700000) (1024K)]
  0x000002b100c4e190 JavaThread "C2 CompilerThread2"         daemon [_thread_in_native, id=55724, stack(0x000000f11bc00000,0x000000f11bd00000) (1024K)]
Total: 69

Other Threads:
  0x000002b12bcec160 VMThread "VM Thread"                           [id=44056, stack(0x000000f117000000,0x000000f117100000) (1024K)]
  0x000002b12bcded80 WatcherThread "VM Periodic Task Thread"        [id=54504, stack(0x000000f116f00000,0x000000f117000000) (1024K)]
  0x000002b10f0e6db0 WorkerThread "GC Thread#0"                     [id=30820, stack(0x000000f116a00000,0x000000f116b00000) (1024K)]
  0x000002b16d90fc60 WorkerThread "GC Thread#1"                     [id=35676, stack(0x000000f117d00000,0x000000f117e00000) (1024K)]
  0x000002b16d944230 WorkerThread "GC Thread#2"                     [id=21492, stack(0x000000f117e00000,0x000000f117f00000) (1024K)]
  0x000002b16d9445d0 WorkerThread "GC Thread#3"                     [id=49564, stack(0x000000f117f00000,0x000000f118000000) (1024K)]
  0x000002b16d944970 WorkerThread "GC Thread#4"                     [id=44836, stack(0x000000f118000000,0x000000f118100000) (1024K)]
  0x000002b16d945130 WorkerThread "GC Thread#5"                     [id=42580, stack(0x000000f118100000,0x000000f118200000) (1024K)]
  0x000002b175028770 WorkerThread "GC Thread#6"                     [id=41712, stack(0x000000f118e00000,0x000000f118f00000) (1024K)]
  0x000002b175028b10 WorkerThread "GC Thread#7"                     [id=54040, stack(0x000000f118f00000,0x000000f119000000) (1024K)]
  0x000002b10f0f92c0 ConcurrentGCThread "G1 Main Marker"            [id=52636, stack(0x000000f116b00000,0x000000f116c00000) (1024K)]
  0x000002b10f0face0 WorkerThread "G1 Conc#0"                       [id=12740, stack(0x000000f116c00000,0x000000f116d00000) (1024K)]
  0x000002b175028030 WorkerThread "G1 Conc#1"                       [id=53144, stack(0x000000f119000000,0x000000f119100000) (1024K)]
  0x000002b12bc25c40 ConcurrentGCThread "G1 Refine#0"               [id=45208, stack(0x000000f116d00000,0x000000f116e00000) (1024K)]
  0x000002b12bc30490 ConcurrentGCThread "G1 Service"                [id=53024, stack(0x000000f116e00000,0x000000f116f00000) (1024K)]
Total: 15

Threads with active compile tasks:
C2 CompilerThread0  153805 23057       4       ksp.org.jetbrains.kotlin.fir.deserialization.AbstractFirDeserializedSymbolProvider::getClass (98 bytes)
C2 CompilerThread1  153805 22893       4       ksp.org.jetbrains.kotlin.fir.deserialization.AbstractFirDeserializedSymbolProvider::getClassLikeSymbolByClassId (67 bytes)
C2 CompilerThread2  153805 23059       4       ksp.com.intellij.psi.stubs.StubBase::findChildStubByType (21 bytes)
Total: 3

VM state: not at safepoint (normal execution)

VM Mutex/Monitor currently owned by a thread:  ([mutex/lock_event])
[0x00007ffbed42ce88] MethodCompileQueue_lock - owner thread: 0x0000000000000000

Heap address: 0x0000000080000000, size: 2048 MB, Compressed Oops mode: 32-bit

CDS archive(s) mapped at: [0x000002b12c000000-0x000002b12cc80000-0x000002b12cc80000), size 13107200, SharedBaseAddress: 0x000002b12c000000, ArchiveRelocationMode: 1.
Compressed class space mapped at: 0x000002b12d000000-0x000002b16d000000, reserved size: 1073741824
Narrow klass base: 0x000002b12c000000, Narrow klass shift: 0, Narrow klass range: 0x100000000

GC Precious Log:
 CardTable entry size: 512
 Card Set container configuration: InlinePtr #cards 5 size 8 Array Of Cards #cards 12 size 40 Howl #buckets 4 coarsen threshold 1843 Howl Bitmap #cards 512 size 80 coarsen threshold 460 Card regions per heap region 1 cards per card region 2048
 CPUs: 8 total, 8 available
 Memory: 16106M
 Large Page Support: Disabled
 NUMA Support: Disabled
 Compressed Oops: Enabled (32-bit)
 Heap Region Size: 1M
 Heap Min Capacity: 8M
 Heap Initial Capacity: 252M
 Heap Max Capacity: 2G
 Pre-touch: Disabled
 Parallel Workers: 8
 Concurrent Workers: 2
 Concurrent Refinement Workers: 8
 Periodic GC: Disabled

Heap:
 garbage-first heap   total 394240K, used 279616K [0x0000000080000000, 0x0000000100000000)
  region size 1024K, 149 young (152576K), 29 survivors (29696K)
 Metaspace       used 174608K, committed 177280K, reserved 1245184K
  class space    used 22121K, committed 23488K, reserved 1048576K

Heap Regions: E=young(eden), S=young(survivor), O=old, HS=humongous(starts), HC=humongous(continues), CS=collection set, F=free, TAMS=top-at-mark-start, PB=parsable bottom
|   0|0x0000000080000000, 0x0000000080100000, 0x0000000080100000|100%|HS|  |TAMS 0x0000000080000000| PB 0x0000000080000000| Complete 
|   1|0x0000000080100000, 0x0000000080200000, 0x0000000080200000|100%|HC|  |TAMS 0x0000000080100000| PB 0x0000000080100000| Complete 
|   2|0x0000000080200000, 0x0000000080300000, 0x0000000080300000|100%|HC|  |TAMS 0x0000000080200000| PB 0x0000000080200000| Complete 
|   3|0x0000000080300000, 0x0000000080400000, 0x0000000080400000|100%|HC|  |TAMS 0x0000000080300000| PB 0x0000000080300000| Complete 
|   4|0x0000000080400000, 0x0000000080500000, 0x0000000080500000|100%| O|  |TAMS 0x0000000080400000| PB 0x0000000080400000| Untracked 
|   5|0x0000000080500000, 0x0000000080600000, 0x0000000080600000|100%| O|  |TAMS 0x0000000080500000| PB 0x0000000080500000| Untracked 
|   6|0x0000000080600000, 0x0000000080700000, 0x0000000080700000|100%| O|  |TAMS 0x0000000080600000| PB 0x0000000080600000| Untracked 
|   7|0x0000000080700000, 0x0000000080800000, 0x0000000080800000|100%| O|  |TAMS 0x0000000080700000| PB 0x0000000080700000| Untracked 
|   8|0x0000000080800000, 0x0000000080900000, 0x0000000080900000|100%| O|  |TAMS 0x0000000080800000| PB 0x0000000080800000| Untracked 
|   9|0x0000000080900000, 0x0000000080a00000, 0x0000000080a00000|100%| O|  |TAMS 0x0000000080900000| PB 0x0000000080900000| Untracked 
|  10|0x0000000080a00000, 0x0000000080b00000, 0x0000000080b00000|100%| O|  |TAMS 0x0000000080a00000| PB 0x0000000080a00000| Untracked 
|  11|0x0000000080b00000, 0x0000000080c00000, 0x0000000080c00000|100%|HS|  |TAMS 0x0000000080b00000| PB 0x0000000080b00000| Complete 
|  12|0x0000000080c00000, 0x0000000080d00000, 0x0000000080d00000|100%| O|  |TAMS 0x0000000080c00000| PB 0x0000000080c00000| Untracked 
|  13|0x0000000080d00000, 0x0000000080e00000, 0x0000000080e00000|100%| O|  |TAMS 0x0000000080d00000| PB 0x0000000080d00000| Untracked 
|  14|0x0000000080e00000, 0x0000000080f00000, 0x0000000080f00000|100%| O|  |TAMS 0x0000000080e00000| PB 0x0000000080e00000| Untracked 
|  15|0x0000000080f00000, 0x0000000081000000, 0x0000000081000000|100%| O|  |TAMS 0x0000000080f00000| PB 0x0000000080f00000| Untracked 
|  16|0x0000000081000000, 0x0000000081100000, 0x0000000081100000|100%| O|  |TAMS 0x0000000081000000| PB 0x0000000081000000| Untracked 
|  17|0x0000000081100000, 0x0000000081200000, 0x0000000081200000|100%| O|  |TAMS 0x0000000081100000| PB 0x0000000081100000| Untracked 
|  18|0x0000000081200000, 0x0000000081300000, 0x0000000081300000|100%| O|  |TAMS 0x0000000081200000| PB 0x0000000081200000| Untracked 
|  19|0x0000000081300000, 0x0000000081400000, 0x0000000081400000|100%| O|  |TAMS 0x0000000081300000| PB 0x0000000081300000| Untracked 
|  20|0x0000000081400000, 0x0000000081500000, 0x0000000081500000|100%| O|  |TAMS 0x0000000081400000| PB 0x0000000081400000| Untracked 
|  21|0x0000000081500000, 0x0000000081600000, 0x0000000081600000|100%| O|  |TAMS 0x0000000081500000| PB 0x0000000081500000| Untracked 
|  22|0x0000000081600000, 0x0000000081700000, 0x0000000081700000|100%| O|  |TAMS 0x0000000081600000| PB 0x0000000081600000| Untracked 
|  23|0x0000000081700000, 0x0000000081800000, 0x0000000081800000|100%| O|  |TAMS 0x0000000081700000| PB 0x0000000081700000| Untracked 
|  24|0x0000000081800000, 0x0000000081900000, 0x0000000081900000|100%| O|  |TAMS 0x0000000081800000| PB 0x0000000081800000| Untracked 
|  25|0x0000000081900000, 0x0000000081a00000, 0x0000000081a00000|100%| O|  |TAMS 0x0000000081900000| PB 0x0000000081900000| Untracked 
|  26|0x0000000081a00000, 0x0000000081b00000, 0x0000000081b00000|100%| O|  |TAMS 0x0000000081a00000| PB 0x0000000081a00000| Untracked 
|  27|0x0000000081b00000, 0x0000000081c00000, 0x0000000081c00000|100%| O|  |TAMS 0x0000000081b00000| PB 0x0000000081b00000| Untracked 
|  28|0x0000000081c00000, 0x0000000081d00000, 0x0000000081d00000|100%| O|  |TAMS 0x0000000081c00000| PB 0x0000000081c00000| Untracked 
|  29|0x0000000081d00000, 0x0000000081e00000, 0x0000000081e00000|100%| O|  |TAMS 0x0000000081d00000| PB 0x0000000081d00000| Untracked 
|  30|0x0000000081e00000, 0x0000000081f00000, 0x0000000081f00000|100%| O|  |TAMS 0x0000000081e00000| PB 0x0000000081e00000| Untracked 
|  31|0x0000000081f00000, 0x0000000082000000, 0x0000000082000000|100%| O|  |TAMS 0x0000000081f00000| PB 0x0000000081f00000| Untracked 
|  32|0x0000000082000000, 0x0000000082100000, 0x0000000082100000|100%| O|  |TAMS 0x0000000082000000| PB 0x0000000082000000| Untracked 
|  33|0x0000000082100000, 0x0000000082200000, 0x0000000082200000|100%| O|  |TAMS 0x0000000082100000| PB 0x0000000082100000| Untracked 
|  34|0x0000000082200000, 0x0000000082300000, 0x0000000082300000|100%| O|  |TAMS 0x0000000082200000| PB 0x0000000082200000| Untracked 
|  35|0x0000000082300000, 0x0000000082400000, 0x0000000082400000|100%| O|  |TAMS 0x0000000082300000| PB 0x0000000082300000| Untracked 
|  36|0x0000000082400000, 0x0000000082500000, 0x0000000082500000|100%| O|  |TAMS 0x0000000082400000| PB 0x0000000082400000| Untracked 
|  37|0x0000000082500000, 0x0000000082600000, 0x0000000082600000|100%| O|  |TAMS 0x0000000082500000| PB 0x0000000082500000| Untracked 
|  38|0x0000000082600000, 0x0000000082700000, 0x0000000082700000|100%| O|  |TAMS 0x0000000082600000| PB 0x0000000082600000| Untracked 
|  39|0x0000000082700000, 0x0000000082800000, 0x0000000082800000|100%|HS|  |TAMS 0x0000000082700000| PB 0x0000000082700000| Complete 
|  40|0x0000000082800000, 0x0000000082900000, 0x0000000082900000|100%|HS|  |TAMS 0x0000000082800000| PB 0x0000000082800000| Complete 
|  41|0x0000000082900000, 0x0000000082a00000, 0x0000000082a00000|100%|HS|  |TAMS 0x0000000082900000| PB 0x0000000082900000| Complete 
|  42|0x0000000082a00000, 0x0000000082b00000, 0x0000000082b00000|100%|HC|  |TAMS 0x0000000082a00000| PB 0x0000000082a00000| Complete 
|  43|0x0000000082b00000, 0x0000000082c00000, 0x0000000082c00000|100%| O|  |TAMS 0x0000000082b00000| PB 0x0000000082b00000| Untracked 
|  44|0x0000000082c00000, 0x0000000082d00000, 0x0000000082d00000|100%|HS|  |TAMS 0x0000000082c00000| PB 0x0000000082c00000| Complete 
|  45|0x0000000082d00000, 0x0000000082e00000, 0x0000000082e00000|100%|HS|  |TAMS 0x0000000082d00000| PB 0x0000000082d00000| Complete 
|  46|0x0000000082e00000, 0x0000000082f00000, 0x0000000082f00000|100%| O|  |TAMS 0x0000000082e00000| PB 0x0000000082e00000| Untracked 
|  47|0x0000000082f00000, 0x0000000083000000, 0x0000000083000000|100%| O|  |TAMS 0x0000000082f00000| PB 0x0000000082f00000| Untracked 
|  48|0x0000000083000000, 0x0000000083100000, 0x0000000083100000|100%| O|  |TAMS 0x0000000083000000| PB 0x0000000083000000| Untracked 
|  49|0x0000000083100000, 0x0000000083200000, 0x0000000083200000|100%| O|  |TAMS 0x0000000083100000| PB 0x0000000083100000| Untracked 
|  50|0x0000000083200000, 0x0000000083300000, 0x0000000083300000|100%| O|  |TAMS 0x0000000083200000| PB 0x0000000083200000| Untracked 
|  51|0x0000000083300000, 0x0000000083400000, 0x0000000083400000|100%| O|  |TAMS 0x0000000083300000| PB 0x0000000083300000| Untracked 
|  52|0x0000000083400000, 0x0000000083500000, 0x0000000083500000|100%| O|  |TAMS 0x0000000083400000| PB 0x0000000083400000| Untracked 
|  53|0x0000000083500000, 0x0000000083600000, 0x0000000083600000|100%|HS|  |TAMS 0x0000000083500000| PB 0x0000000083500000| Complete 
|  54|0x0000000083600000, 0x0000000083700000, 0x0000000083700000|100%| O|  |TAMS 0x0000000083600000| PB 0x0000000083600000| Untracked 
|  55|0x0000000083700000, 0x0000000083800000, 0x0000000083800000|100%|HS|  |TAMS 0x0000000083700000| PB 0x0000000083700000| Complete 
|  56|0x0000000083800000, 0x0000000083900000, 0x0000000083900000|100%|HS|  |TAMS 0x0000000083800000| PB 0x0000000083800000| Complete 
|  57|0x0000000083900000, 0x0000000083a00000, 0x0000000083a00000|100%|HS|  |TAMS 0x0000000083900000| PB 0x0000000083900000| Complete 
|  58|0x0000000083a00000, 0x0000000083b00000, 0x0000000083b00000|100%| O|  |TAMS 0x0000000083a00000| PB 0x0000000083a00000| Untracked 
|  59|0x0000000083b00000, 0x0000000083c00000, 0x0000000083c00000|100%| O|  |TAMS 0x0000000083b00000| PB 0x0000000083b00000| Untracked 
|  60|0x0000000083c00000, 0x0000000083d00000, 0x0000000083d00000|100%|HS|  |TAMS 0x0000000083c00000| PB 0x0000000083c00000| Complete 
|  61|0x0000000083d00000, 0x0000000083e00000, 0x0000000083e00000|100%|HC|  |TAMS 0x0000000083d00000| PB 0x0000000083d00000| Complete 
|  62|0x0000000083e00000, 0x0000000083f00000, 0x0000000083f00000|100%| O|  |TAMS 0x0000000083e00000| PB 0x0000000083e00000| Untracked 
|  63|0x0000000083f00000, 0x0000000084000000, 0x0000000084000000|100%| O|  |TAMS 0x0000000083f00000| PB 0x0000000083f00000| Untracked 
|  64|0x0000000084000000, 0x0000000084100000, 0x0000000084100000|100%| O|  |TAMS 0x0000000084000000| PB 0x0000000084000000| Untracked 
|  65|0x0000000084100000, 0x0000000084200000, 0x0000000084200000|100%| O|  |TAMS 0x0000000084100000| PB 0x0000000084100000| Untracked 
|  66|0x0000000084200000, 0x0000000084300000, 0x0000000084300000|100%| O|  |TAMS 0x0000000084200000| PB 0x0000000084200000| Untracked 
|  67|0x0000000084300000, 0x0000000084400000, 0x0000000084400000|100%| O|  |TAMS 0x0000000084300000| PB 0x0000000084300000| Untracked 
|  68|0x0000000084400000, 0x0000000084500000, 0x0000000084500000|100%| O|  |TAMS 0x0000000084400000| PB 0x0000000084400000| Untracked 
|  69|0x0000000084500000, 0x0000000084600000, 0x0000000084600000|100%| O|  |TAMS 0x0000000084500000| PB 0x0000000084500000| Untracked 
|  70|0x0000000084600000, 0x0000000084700000, 0x0000000084700000|100%|HS|  |TAMS 0x0000000084600000| PB 0x0000000084600000| Complete 
|  71|0x0000000084700000, 0x0000000084800000, 0x0000000084800000|100%| O|  |TAMS 0x0000000084700000| PB 0x0000000084700000| Untracked 
|  72|0x0000000084800000, 0x0000000084900000, 0x0000000084900000|100%| O|  |TAMS 0x0000000084800000| PB 0x0000000084800000| Untracked 
|  73|0x0000000084900000, 0x0000000084a00000, 0x0000000084a00000|100%| O|  |TAMS 0x0000000084900000| PB 0x0000000084900000| Untracked 
|  74|0x0000000084a00000, 0x0000000084b00000, 0x0000000084b00000|100%| O|  |TAMS 0x0000000084a00000| PB 0x0000000084a00000| Untracked 
|  75|0x0000000084b00000, 0x0000000084c00000, 0x0000000084c00000|100%| O|  |TAMS 0x0000000084b00000| PB 0x0000000084b00000| Untracked 
|  76|0x0000000084c00000, 0x0000000084d00000, 0x0000000084d00000|100%| O|  |TAMS 0x0000000084c00000| PB 0x0000000084c00000| Untracked 
|  77|0x0000000084d00000, 0x0000000084e00000, 0x0000000084e00000|100%| O|  |TAMS 0x0000000084d00000| PB 0x0000000084d00000| Untracked 
|  78|0x0000000084e00000, 0x0000000084f00000, 0x0000000084f00000|100%| O|  |TAMS 0x0000000084e00000| PB 0x0000000084e00000| Untracked 
|  79|0x0000000084f00000, 0x0000000085000000, 0x0000000085000000|100%| O|  |TAMS 0x0000000084f00000| PB 0x0000000084f00000| Untracked 
|  80|0x0000000085000000, 0x0000000085100000, 0x0000000085100000|100%| O|  |TAMS 0x0000000085000000| PB 0x0000000085000000| Untracked 
|  81|0x0000000085100000, 0x0000000085200000, 0x0000000085200000|100%| O|  |TAMS 0x0000000085100000| PB 0x0000000085100000| Untracked 
|  82|0x0000000085200000, 0x0000000085300000, 0x0000000085300000|100%|HS|  |TAMS 0x0000000085200000| PB 0x0000000085200000| Complete 
|  83|0x0000000085300000, 0x0000000085400000, 0x0000000085400000|100%| O|  |TAMS 0x0000000085300000| PB 0x0000000085300000| Untracked 
|  84|0x0000000085400000, 0x0000000085500000, 0x0000000085500000|100%| O|  |TAMS 0x0000000085400000| PB 0x0000000085400000| Untracked 
|  85|0x0000000085500000, 0x0000000085600000, 0x0000000085600000|100%| O|  |TAMS 0x0000000085500000| PB 0x0000000085500000| Untracked 
|  86|0x0000000085600000, 0x0000000085700000, 0x0000000085700000|100%| O|  |TAMS 0x0000000085600000| PB 0x0000000085600000| Untracked 
|  87|0x0000000085700000, 0x0000000085800000, 0x0000000085800000|100%| O|  |TAMS 0x0000000085700000| PB 0x0000000085700000| Untracked 
|  88|0x0000000085800000, 0x0000000085900000, 0x0000000085900000|100%| O|  |TAMS 0x0000000085800000| PB 0x0000000085800000| Untracked 
|  89|0x0000000085900000, 0x0000000085a00000, 0x0000000085a00000|100%| O|  |TAMS 0x0000000085900000| PB 0x0000000085900000| Untracked 
|  90|0x0000000085a00000, 0x0000000085b00000, 0x0000000085b00000|100%| O|  |TAMS 0x0000000085a00000| PB 0x0000000085a00000| Untracked 
|  91|0x0000000085b00000, 0x0000000085c00000, 0x0000000085c00000|100%| O|  |TAMS 0x0000000085b00000| PB 0x0000000085b00000| Untracked 
|  92|0x0000000085c00000, 0x0000000085d00000, 0x0000000085d00000|100%| O|  |TAMS 0x0000000085c00000| PB 0x0000000085c00000| Untracked 
|  93|0x0000000085d00000, 0x0000000085e00000, 0x0000000085e00000|100%| O|  |TAMS 0x0000000085d00000| PB 0x0000000085d00000| Untracked 
|  94|0x0000000085e00000, 0x0000000085f00000, 0x0000000085f00000|100%| O|  |TAMS 0x0000000085e00000| PB 0x0000000085e00000| Untracked 
|  95|0x0000000085f00000, 0x0000000086000000, 0x0000000086000000|100%| O|  |TAMS 0x0000000085f00000| PB 0x0000000085f00000| Untracked 
|  96|0x0000000086000000, 0x0000000086100000, 0x0000000086100000|100%| O|  |TAMS 0x0000000086000000| PB 0x0000000086000000| Untracked 
|  97|0x0000000086100000, 0x0000000086200000, 0x0000000086200000|100%| O|  |TAMS 0x0000000086100000| PB 0x0000000086100000| Untracked 
|  98|0x0000000086200000, 0x0000000086300000, 0x0000000086300000|100%| O|  |TAMS 0x0000000086200000| PB 0x0000000086200000| Untracked 
|  99|0x0000000086300000, 0x0000000086400000, 0x0000000086400000|100%| O|  |TAMS 0x0000000086300000| PB 0x0000000086300000| Untracked 
| 100|0x0000000086400000, 0x0000000086500000, 0x0000000086500000|100%| O|  |TAMS 0x0000000086400000| PB 0x0000000086400000| Untracked 
| 101|0x0000000086500000, 0x0000000086600000, 0x0000000086600000|100%|HS|  |TAMS 0x0000000086500000| PB 0x0000000086500000| Complete 
| 102|0x0000000086600000, 0x0000000086700000, 0x0000000086700000|100%|HC|  |TAMS 0x0000000086600000| PB 0x0000000086600000| Complete 
| 103|0x0000000086700000, 0x0000000086800000, 0x0000000086800000|100%| O|  |TAMS 0x0000000086700000| PB 0x0000000086700000| Untracked 
| 104|0x0000000086800000, 0x0000000086900000, 0x0000000086900000|100%| O|  |TAMS 0x0000000086800000| PB 0x0000000086800000| Untracked 
| 105|0x0000000086900000, 0x0000000086a00000, 0x0000000086a00000|100%| O|  |TAMS 0x0000000086900000| PB 0x0000000086900000| Untracked 
| 106|0x0000000086a00000, 0x0000000086a00000, 0x0000000086b00000|  0%| F|  |TAMS 0x0000000086a00000| PB 0x0000000086a00000| Untracked 
| 107|0x0000000086b00000, 0x0000000086c00000, 0x0000000086c00000|100%|HS|  |TAMS 0x0000000086b00000| PB 0x0000000086b00000| Complete 
| 108|0x0000000086c00000, 0x0000000086d00000, 0x0000000086d00000|100%|HC|  |TAMS 0x0000000086c00000| PB 0x0000000086c00000| Complete 
| 109|0x0000000086d00000, 0x0000000086e00000, 0x0000000086e00000|100%|HC|  |TAMS 0x0000000086d00000| PB 0x0000000086d00000| Complete 
| 110|0x0000000086e00000, 0x0000000086f00000, 0x0000000086f00000|100%|HC|  |TAMS 0x0000000086e00000| PB 0x0000000086e00000| Complete 
| 111|0x0000000086f00000, 0x0000000087000000, 0x0000000087000000|100%|HC|  |TAMS 0x0000000086f00000| PB 0x0000000086f00000| Complete 
| 112|0x0000000087000000, 0x0000000087100000, 0x0000000087100000|100%| O|  |TAMS 0x0000000087000000| PB 0x0000000087000000| Untracked 
| 113|0x0000000087100000, 0x0000000087200000, 0x0000000087200000|100%| O|  |TAMS 0x0000000087100000| PB 0x0000000087100000| Untracked 
| 114|0x0000000087200000, 0x0000000087300000, 0x0000000087300000|100%| O|  |TAMS 0x0000000087200000| PB 0x0000000087200000| Untracked 
| 115|0x0000000087300000, 0x0000000087400000, 0x0000000087400000|100%| O|  |TAMS 0x0000000087300000| PB 0x0000000087300000| Untracked 
| 116|0x0000000087400000, 0x0000000087500000, 0x0000000087500000|100%| O|  |TAMS 0x0000000087400000| PB 0x0000000087400000| Untracked 
| 117|0x0000000087500000, 0x0000000087600000, 0x0000000087600000|100%| O|  |TAMS 0x0000000087500000| PB 0x0000000087500000| Untracked 
| 118|0x0000000087600000, 0x0000000087700000, 0x0000000087700000|100%| O|  |TAMS 0x0000000087600000| PB 0x0000000087600000| Untracked 
| 119|0x0000000087700000, 0x0000000087800000, 0x0000000087800000|100%| O|  |TAMS 0x0000000087700000| PB 0x0000000087700000| Untracked 
| 120|0x0000000087800000, 0x0000000087900000, 0x0000000087900000|100%| S|CS|TAMS 0x0000000087800000| PB 0x0000000087800000| Complete 
| 121|0x0000000087900000, 0x0000000087a00000, 0x0000000087a00000|100%| S|CS|TAMS 0x0000000087900000| PB 0x0000000087900000| Complete 
| 122|0x0000000087a00000, 0x0000000087b00000, 0x0000000087b00000|100%| S|CS|TAMS 0x0000000087a00000| PB 0x0000000087a00000| Complete 
| 123|0x0000000087b00000, 0x0000000087c00000, 0x0000000087c00000|100%| S|CS|TAMS 0x0000000087b00000| PB 0x0000000087b00000| Complete 
| 124|0x0000000087c00000, 0x0000000087d00000, 0x0000000087d00000|100%| S|CS|TAMS 0x0000000087c00000| PB 0x0000000087c00000| Complete 
| 125|0x0000000087d00000, 0x0000000087e00000, 0x0000000087e00000|100%| S|CS|TAMS 0x0000000087d00000| PB 0x0000000087d00000| Complete 
| 126|0x0000000087e00000, 0x0000000087f00000, 0x0000000087f00000|100%| S|CS|TAMS 0x0000000087e00000| PB 0x0000000087e00000| Complete 
| 127|0x0000000087f00000, 0x0000000088000000, 0x0000000088000000|100%| S|CS|TAMS 0x0000000087f00000| PB 0x0000000087f00000| Complete 
| 128|0x0000000088000000, 0x0000000088100000, 0x0000000088100000|100%| S|CS|TAMS 0x0000000088000000| PB 0x0000000088000000| Complete 
| 129|0x0000000088100000, 0x0000000088200000, 0x0000000088200000|100%| S|CS|TAMS 0x0000000088100000| PB 0x0000000088100000| Complete 
| 130|0x0000000088200000, 0x0000000088300000, 0x0000000088300000|100%| S|CS|TAMS 0x0000000088200000| PB 0x0000000088200000| Complete 
| 131|0x0000000088300000, 0x0000000088400000, 0x0000000088400000|100%| S|CS|TAMS 0x0000000088300000| PB 0x0000000088300000| Complete 
| 132|0x0000000088400000, 0x0000000088400000, 0x0000000088500000|  0%| F|  |TAMS 0x0000000088400000| PB 0x0000000088400000| Untracked 
| 133|0x0000000088500000, 0x0000000088500000, 0x0000000088600000|  0%| F|  |TAMS 0x0000000088500000| PB 0x0000000088500000| Untracked 
| 134|0x0000000088600000, 0x0000000088600000, 0x0000000088700000|  0%| F|  |TAMS 0x0000000088600000| PB 0x0000000088600000| Untracked 
| 135|0x0000000088700000, 0x0000000088700000, 0x0000000088800000|  0%| F|  |TAMS 0x0000000088700000| PB 0x0000000088700000| Untracked 
| 136|0x0000000088800000, 0x0000000088800000, 0x0000000088900000|  0%| F|  |TAMS 0x0000000088800000| PB 0x0000000088800000| Untracked 
| 137|0x0000000088900000, 0x0000000088900000, 0x0000000088a00000|  0%| F|  |TAMS 0x0000000088900000| PB 0x0000000088900000| Untracked 
| 138|0x0000000088a00000, 0x0000000088a00000, 0x0000000088b00000|  0%| F|  |TAMS 0x0000000088a00000| PB 0x0000000088a00000| Untracked 
| 139|0x0000000088b00000, 0x0000000088b00000, 0x0000000088c00000|  0%| F|  |TAMS 0x0000000088b00000| PB 0x0000000088b00000| Untracked 
| 140|0x0000000088c00000, 0x0000000088c00000, 0x0000000088d00000|  0%| F|  |TAMS 0x0000000088c00000| PB 0x0000000088c00000| Untracked 
| 141|0x0000000088d00000, 0x0000000088d00000, 0x0000000088e00000|  0%| F|  |TAMS 0x0000000088d00000| PB 0x0000000088d00000| Untracked 
| 142|0x0000000088e00000, 0x0000000088e00000, 0x0000000088f00000|  0%| F|  |TAMS 0x0000000088e00000| PB 0x0000000088e00000| Untracked 
| 143|0x0000000088f00000, 0x0000000088f00000, 0x0000000089000000|  0%| F|  |TAMS 0x0000000088f00000| PB 0x0000000088f00000| Untracked 
| 144|0x0000000089000000, 0x0000000089000000, 0x0000000089100000|  0%| F|  |TAMS 0x0000000089000000| PB 0x0000000089000000| Untracked 
| 145|0x0000000089100000, 0x0000000089100000, 0x0000000089200000|  0%| F|  |TAMS 0x0000000089100000| PB 0x0000000089100000| Untracked 
| 146|0x0000000089200000, 0x0000000089200000, 0x0000000089300000|  0%| F|  |TAMS 0x0000000089200000| PB 0x0000000089200000| Untracked 
| 147|0x0000000089300000, 0x0000000089300000, 0x0000000089400000|  0%| F|  |TAMS 0x0000000089300000| PB 0x0000000089300000| Untracked 
| 148|0x0000000089400000, 0x0000000089400000, 0x0000000089500000|  0%| F|  |TAMS 0x0000000089400000| PB 0x0000000089400000| Untracked 
| 149|0x0000000089500000, 0x0000000089600000, 0x0000000089600000|100%| S|CS|TAMS 0x0000000089500000| PB 0x0000000089500000| Complete 
| 150|0x0000000089600000, 0x0000000089700000, 0x0000000089700000|100%| S|CS|TAMS 0x0000000089600000| PB 0x0000000089600000| Complete 
| 151|0x0000000089700000, 0x0000000089800000, 0x0000000089800000|100%| S|CS|TAMS 0x0000000089700000| PB 0x0000000089700000| Complete 
| 152|0x0000000089800000, 0x0000000089900000, 0x0000000089900000|100%| S|CS|TAMS 0x0000000089800000| PB 0x0000000089800000| Complete 
| 153|0x0000000089900000, 0x0000000089a00000, 0x0000000089a00000|100%| S|CS|TAMS 0x0000000089900000| PB 0x0000000089900000| Complete 
| 154|0x0000000089a00000, 0x0000000089b00000, 0x0000000089b00000|100%| S|CS|TAMS 0x0000000089a00000| PB 0x0000000089a00000| Complete 
| 155|0x0000000089b00000, 0x0000000089c00000, 0x0000000089c00000|100%| S|CS|TAMS 0x0000000089b00000| PB 0x0000000089b00000| Complete 
| 156|0x0000000089c00000, 0x0000000089d00000, 0x0000000089d00000|100%| S|CS|TAMS 0x0000000089c00000| PB 0x0000000089c00000| Complete 
| 157|0x0000000089d00000, 0x0000000089e00000, 0x0000000089e00000|100%| S|CS|TAMS 0x0000000089d00000| PB 0x0000000089d00000| Complete 
| 158|0x0000000089e00000, 0x0000000089f00000, 0x0000000089f00000|100%| S|CS|TAMS 0x0000000089e00000| PB 0x0000000089e00000| Complete 
| 159|0x0000000089f00000, 0x000000008a000000, 0x000000008a000000|100%| S|CS|TAMS 0x0000000089f00000| PB 0x0000000089f00000| Complete 
| 160|0x000000008a000000, 0x000000008a100000, 0x000000008a100000|100%| S|CS|TAMS 0x000000008a000000| PB 0x000000008a000000| Complete 
| 161|0x000000008a100000, 0x000000008a200000, 0x000000008a200000|100%| S|CS|TAMS 0x000000008a100000| PB 0x000000008a100000| Complete 
| 162|0x000000008a200000, 0x000000008a300000, 0x000000008a300000|100%| S|CS|TAMS 0x000000008a200000| PB 0x000000008a200000| Complete 
| 163|0x000000008a300000, 0x000000008a400000, 0x000000008a400000|100%| S|CS|TAMS 0x000000008a300000| PB 0x000000008a300000| Complete 
| 164|0x000000008a400000, 0x000000008a500000, 0x000000008a500000|100%| S|CS|TAMS 0x000000008a400000| PB 0x000000008a400000| Complete 
| 165|0x000000008a500000, 0x000000008a600000, 0x000000008a600000|100%| S|CS|TAMS 0x000000008a500000| PB 0x000000008a500000| Complete 
| 166|0x000000008a600000, 0x000000008a600000, 0x000000008a700000|  0%| F|  |TAMS 0x000000008a600000| PB 0x000000008a600000| Untracked 
| 167|0x000000008a700000, 0x000000008a700000, 0x000000008a800000|  0%| F|  |TAMS 0x000000008a700000| PB 0x000000008a700000| Untracked 
| 168|0x000000008a800000, 0x000000008a800000, 0x000000008a900000|  0%| F|  |TAMS 0x000000008a800000| PB 0x000000008a800000| Untracked 
| 169|0x000000008a900000, 0x000000008a900000, 0x000000008aa00000|  0%| F|  |TAMS 0x000000008a900000| PB 0x000000008a900000| Untracked 
| 170|0x000000008aa00000, 0x000000008aa00000, 0x000000008ab00000|  0%| F|  |TAMS 0x000000008aa00000| PB 0x000000008aa00000| Untracked 
| 171|0x000000008ab00000, 0x000000008ab00000, 0x000000008ac00000|  0%| F|  |TAMS 0x000000008ab00000| PB 0x000000008ab00000| Untracked 
| 172|0x000000008ac00000, 0x000000008ac00000, 0x000000008ad00000|  0%| F|  |TAMS 0x000000008ac00000| PB 0x000000008ac00000| Untracked 
| 173|0x000000008ad00000, 0x000000008ad00000, 0x000000008ae00000|  0%| F|  |TAMS 0x000000008ad00000| PB 0x000000008ad00000| Untracked 
| 174|0x000000008ae00000, 0x000000008ae00000, 0x000000008af00000|  0%| F|  |TAMS 0x000000008ae00000| PB 0x000000008ae00000| Untracked 
| 175|0x000000008af00000, 0x000000008af00000, 0x000000008b000000|  0%| F|  |TAMS 0x000000008af00000| PB 0x000000008af00000| Untracked 
| 176|0x000000008b000000, 0x000000008b000000, 0x000000008b100000|  0%| F|  |TAMS 0x000000008b000000| PB 0x000000008b000000| Untracked 
| 177|0x000000008b100000, 0x000000008b100000, 0x000000008b200000|  0%| F|  |TAMS 0x000000008b100000| PB 0x000000008b100000| Untracked 
| 178|0x000000008b200000, 0x000000008b200000, 0x000000008b300000|  0%| F|  |TAMS 0x000000008b200000| PB 0x000000008b200000| Untracked 
| 179|0x000000008b300000, 0x000000008b300000, 0x000000008b400000|  0%| F|  |TAMS 0x000000008b300000| PB 0x000000008b300000| Untracked 
| 180|0x000000008b400000, 0x000000008b400000, 0x000000008b500000|  0%| F|  |TAMS 0x000000008b400000| PB 0x000000008b400000| Untracked 
| 181|0x000000008b500000, 0x000000008b500000, 0x000000008b600000|  0%| F|  |TAMS 0x000000008b500000| PB 0x000000008b500000| Untracked 
| 182|0x000000008b600000, 0x000000008b600000, 0x000000008b700000|  0%| F|  |TAMS 0x000000008b600000| PB 0x000000008b600000| Untracked 
| 183|0x000000008b700000, 0x000000008b700000, 0x000000008b800000|  0%| F|  |TAMS 0x000000008b700000| PB 0x000000008b700000| Untracked 
| 184|0x000000008b800000, 0x000000008b800000, 0x000000008b900000|  0%| F|  |TAMS 0x000000008b800000| PB 0x000000008b800000| Untracked 
| 185|0x000000008b900000, 0x000000008b900000, 0x000000008ba00000|  0%| F|  |TAMS 0x000000008b900000| PB 0x000000008b900000| Untracked 
| 186|0x000000008ba00000, 0x000000008ba00000, 0x000000008bb00000|  0%| F|  |TAMS 0x000000008ba00000| PB 0x000000008ba00000| Untracked 
| 187|0x000000008bb00000, 0x000000008bb00000, 0x000000008bc00000|  0%| F|  |TAMS 0x000000008bb00000| PB 0x000000008bb00000| Untracked 
| 188|0x000000008bc00000, 0x000000008bc00000, 0x000000008bd00000|  0%| F|  |TAMS 0x000000008bc00000| PB 0x000000008bc00000| Untracked 
| 189|0x000000008bd00000, 0x000000008bd00000, 0x000000008be00000|  0%| F|  |TAMS 0x000000008bd00000| PB 0x000000008bd00000| Untracked 
| 190|0x000000008be00000, 0x000000008be00000, 0x000000008bf00000|  0%| F|  |TAMS 0x000000008be00000| PB 0x000000008be00000| Untracked 
| 191|0x000000008bf00000, 0x000000008bf00000, 0x000000008c000000|  0%| F|  |TAMS 0x000000008bf00000| PB 0x000000008bf00000| Untracked 
| 192|0x000000008c000000, 0x000000008c000000, 0x000000008c100000|  0%| F|  |TAMS 0x000000008c000000| PB 0x000000008c000000| Untracked 
| 193|0x000000008c100000, 0x000000008c100000, 0x000000008c200000|  0%| F|  |TAMS 0x000000008c100000| PB 0x000000008c100000| Untracked 
| 194|0x000000008c200000, 0x000000008c200000, 0x000000008c300000|  0%| F|  |TAMS 0x000000008c200000| PB 0x000000008c200000| Untracked 
| 195|0x000000008c300000, 0x000000008c300000, 0x000000008c400000|  0%| F|  |TAMS 0x000000008c300000| PB 0x000000008c300000| Untracked 
| 196|0x000000008c400000, 0x000000008c400000, 0x000000008c500000|  0%| F|  |TAMS 0x000000008c400000| PB 0x000000008c400000| Untracked 
| 197|0x000000008c500000, 0x000000008c500000, 0x000000008c600000|  0%| F|  |TAMS 0x000000008c500000| PB 0x000000008c500000| Untracked 
| 198|0x000000008c600000, 0x000000008c600000, 0x000000008c700000|  0%| F|  |TAMS 0x000000008c600000| PB 0x000000008c600000| Untracked 
| 199|0x000000008c700000, 0x000000008c700000, 0x000000008c800000|  0%| F|  |TAMS 0x000000008c700000| PB 0x000000008c700000| Untracked 
| 200|0x000000008c800000, 0x000000008c800000, 0x000000008c900000|  0%| F|  |TAMS 0x000000008c800000| PB 0x000000008c800000| Untracked 
| 201|0x000000008c900000, 0x000000008c900000, 0x000000008ca00000|  0%| F|  |TAMS 0x000000008c900000| PB 0x000000008c900000| Untracked 
| 202|0x000000008ca00000, 0x000000008ca00000, 0x000000008cb00000|  0%| F|  |TAMS 0x000000008ca00000| PB 0x000000008ca00000| Untracked 
| 203|0x000000008cb00000, 0x000000008cb00000, 0x000000008cc00000|  0%| F|  |TAMS 0x000000008cb00000| PB 0x000000008cb00000| Untracked 
| 204|0x000000008cc00000, 0x000000008cc00000, 0x000000008cd00000|  0%| F|  |TAMS 0x000000008cc00000| PB 0x000000008cc00000| Untracked 
| 205|0x000000008cd00000, 0x000000008cd00000, 0x000000008ce00000|  0%| F|  |TAMS 0x000000008cd00000| PB 0x000000008cd00000| Untracked 
| 206|0x000000008ce00000, 0x000000008ce00000, 0x000000008cf00000|  0%| F|  |TAMS 0x000000008ce00000| PB 0x000000008ce00000| Untracked 
| 207|0x000000008cf00000, 0x000000008cf00000, 0x000000008d000000|  0%| F|  |TAMS 0x000000008cf00000| PB 0x000000008cf00000| Untracked 
| 208|0x000000008d000000, 0x000000008d000000, 0x000000008d100000|  0%| F|  |TAMS 0x000000008d000000| PB 0x000000008d000000| Untracked 
| 209|0x000000008d100000, 0x000000008d100000, 0x000000008d200000|  0%| F|  |TAMS 0x000000008d100000| PB 0x000000008d100000| Untracked 
| 210|0x000000008d200000, 0x000000008d200000, 0x000000008d300000|  0%| F|  |TAMS 0x000000008d200000| PB 0x000000008d200000| Untracked 
| 211|0x000000008d300000, 0x000000008d300000, 0x000000008d400000|  0%| F|  |TAMS 0x000000008d300000| PB 0x000000008d300000| Untracked 
| 212|0x000000008d400000, 0x000000008d400000, 0x000000008d500000|  0%| F|  |TAMS 0x000000008d400000| PB 0x000000008d400000| Untracked 
| 213|0x000000008d500000, 0x000000008d500000, 0x000000008d600000|  0%| F|  |TAMS 0x000000008d500000| PB 0x000000008d500000| Untracked 
| 214|0x000000008d600000, 0x000000008d600000, 0x000000008d700000|  0%| F|  |TAMS 0x000000008d600000| PB 0x000000008d600000| Untracked 
| 215|0x000000008d700000, 0x000000008d700000, 0x000000008d800000|  0%| F|  |TAMS 0x000000008d700000| PB 0x000000008d700000| Untracked 
| 216|0x000000008d800000, 0x000000008d800000, 0x000000008d900000|  0%| F|  |TAMS 0x000000008d800000| PB 0x000000008d800000| Untracked 
| 217|0x000000008d900000, 0x000000008d900000, 0x000000008da00000|  0%| F|  |TAMS 0x000000008d900000| PB 0x000000008d900000| Untracked 
| 218|0x000000008da00000, 0x000000008da00000, 0x000000008db00000|  0%| F|  |TAMS 0x000000008da00000| PB 0x000000008da00000| Untracked 
| 219|0x000000008db00000, 0x000000008db00000, 0x000000008dc00000|  0%| F|  |TAMS 0x000000008db00000| PB 0x000000008db00000| Untracked 
| 220|0x000000008dc00000, 0x000000008dc00000, 0x000000008dd00000|  0%| F|  |TAMS 0x000000008dc00000| PB 0x000000008dc00000| Untracked 
| 221|0x000000008dd00000, 0x000000008dd00000, 0x000000008de00000|  0%| F|  |TAMS 0x000000008dd00000| PB 0x000000008dd00000| Untracked 
| 222|0x000000008de00000, 0x000000008de00000, 0x000000008df00000|  0%| F|  |TAMS 0x000000008de00000| PB 0x000000008de00000| Untracked 
| 223|0x000000008df00000, 0x000000008df00000, 0x000000008e000000|  0%| F|  |TAMS 0x000000008df00000| PB 0x000000008df00000| Untracked 
| 224|0x000000008e000000, 0x000000008e000000, 0x000000008e100000|  0%| F|  |TAMS 0x000000008e000000| PB 0x000000008e000000| Untracked 
| 225|0x000000008e100000, 0x000000008e100000, 0x000000008e200000|  0%| F|  |TAMS 0x000000008e100000| PB 0x000000008e100000| Untracked 
| 226|0x000000008e200000, 0x000000008e200000, 0x000000008e300000|  0%| F|  |TAMS 0x000000008e200000| PB 0x000000008e200000| Untracked 
| 227|0x000000008e300000, 0x000000008e300000, 0x000000008e400000|  0%| F|  |TAMS 0x000000008e300000| PB 0x000000008e300000| Untracked 
| 228|0x000000008e400000, 0x000000008e400000, 0x000000008e500000|  0%| F|  |TAMS 0x000000008e400000| PB 0x000000008e400000| Untracked 
| 229|0x000000008e500000, 0x000000008e500000, 0x000000008e600000|  0%| F|  |TAMS 0x000000008e500000| PB 0x000000008e500000| Untracked 
| 230|0x000000008e600000, 0x000000008e600000, 0x000000008e700000|  0%| F|  |TAMS 0x000000008e600000| PB 0x000000008e600000| Untracked 
| 231|0x000000008e700000, 0x000000008e700000, 0x000000008e800000|  0%| F|  |TAMS 0x000000008e700000| PB 0x000000008e700000| Untracked 
| 232|0x000000008e800000, 0x000000008e800000, 0x000000008e900000|  0%| F|  |TAMS 0x000000008e800000| PB 0x000000008e800000| Untracked 
| 233|0x000000008e900000, 0x000000008e900000, 0x000000008ea00000|  0%| F|  |TAMS 0x000000008e900000| PB 0x000000008e900000| Untracked 
| 234|0x000000008ea00000, 0x000000008ea00000, 0x000000008eb00000|  0%| F|  |TAMS 0x000000008ea00000| PB 0x000000008ea00000| Untracked 
| 235|0x000000008eb00000, 0x000000008eb00000, 0x000000008ec00000|  0%| F|  |TAMS 0x000000008eb00000| PB 0x000000008eb00000| Untracked 
| 236|0x000000008ec00000, 0x000000008ec00000, 0x000000008ed00000|  0%| F|  |TAMS 0x000000008ec00000| PB 0x000000008ec00000| Untracked 
| 237|0x000000008ed00000, 0x000000008ed00000, 0x000000008ee00000|  0%| F|  |TAMS 0x000000008ed00000| PB 0x000000008ed00000| Untracked 
| 238|0x000000008ee00000, 0x000000008ee00000, 0x000000008ef00000|  0%| F|  |TAMS 0x000000008ee00000| PB 0x000000008ee00000| Untracked 
| 239|0x000000008ef00000, 0x000000008ef00000, 0x000000008f000000|  0%| F|  |TAMS 0x000000008ef00000| PB 0x000000008ef00000| Untracked 
| 240|0x000000008f000000, 0x000000008f000000, 0x000000008f100000|  0%| F|  |TAMS 0x000000008f000000| PB 0x000000008f000000| Untracked 
| 241|0x000000008f100000, 0x000000008f100000, 0x000000008f200000|  0%| F|  |TAMS 0x000000008f100000| PB 0x000000008f100000| Untracked 
| 242|0x000000008f200000, 0x000000008f200000, 0x000000008f300000|  0%| F|  |TAMS 0x000000008f200000| PB 0x000000008f200000| Untracked 
| 243|0x000000008f300000, 0x000000008f300000, 0x000000008f400000|  0%| F|  |TAMS 0x000000008f300000| PB 0x000000008f300000| Untracked 
| 244|0x000000008f400000, 0x000000008f400000, 0x000000008f500000|  0%| F|  |TAMS 0x000000008f400000| PB 0x000000008f400000| Untracked 
| 245|0x000000008f500000, 0x000000008f500000, 0x000000008f600000|  0%| F|  |TAMS 0x000000008f500000| PB 0x000000008f500000| Untracked 
| 246|0x000000008f600000, 0x000000008f600000, 0x000000008f700000|  0%| F|  |TAMS 0x000000008f600000| PB 0x000000008f600000| Untracked 
| 247|0x000000008f700000, 0x000000008f700000, 0x000000008f800000|  0%| F|  |TAMS 0x000000008f700000| PB 0x000000008f700000| Untracked 
| 248|0x000000008f800000, 0x000000008f800000, 0x000000008f900000|  0%| F|  |TAMS 0x000000008f800000| PB 0x000000008f800000| Untracked 
| 249|0x000000008f900000, 0x000000008f900000, 0x000000008fa00000|  0%| F|  |TAMS 0x000000008f900000| PB 0x000000008f900000| Untracked 
| 250|0x000000008fa00000, 0x000000008fa00000, 0x000000008fb00000|  0%| F|  |TAMS 0x000000008fa00000| PB 0x000000008fa00000| Untracked 
| 251|0x000000008fb00000, 0x000000008fb00000, 0x000000008fc00000|  0%| F|  |TAMS 0x000000008fb00000| PB 0x000000008fb00000| Untracked 
| 252|0x000000008fc00000, 0x000000008fc00000, 0x000000008fd00000|  0%| F|  |TAMS 0x000000008fc00000| PB 0x000000008fc00000| Untracked 
| 253|0x000000008fd00000, 0x000000008fd00000, 0x000000008fe00000|  0%| F|  |TAMS 0x000000008fd00000| PB 0x000000008fd00000| Untracked 
| 254|0x000000008fe00000, 0x000000008fe00000, 0x000000008ff00000|  0%| F|  |TAMS 0x000000008fe00000| PB 0x000000008fe00000| Untracked 
| 255|0x000000008ff00000, 0x000000008ff00000, 0x0000000090000000|  0%| F|  |TAMS 0x000000008ff00000| PB 0x000000008ff00000| Untracked 
| 256|0x0000000090000000, 0x0000000090000000, 0x0000000090100000|  0%| F|  |TAMS 0x0000000090000000| PB 0x0000000090000000| Untracked 
| 257|0x0000000090100000, 0x0000000090180000, 0x0000000090200000| 50%| E|  |TAMS 0x0000000090100000| PB 0x0000000090100000| Complete 
| 258|0x0000000090200000, 0x0000000090300000, 0x0000000090300000|100%| E|CS|TAMS 0x0000000090200000| PB 0x0000000090200000| Complete 
| 259|0x0000000090300000, 0x0000000090400000, 0x0000000090400000|100%| E|CS|TAMS 0x0000000090300000| PB 0x0000000090300000| Complete 
| 260|0x0000000090400000, 0x0000000090500000, 0x0000000090500000|100%| E|CS|TAMS 0x0000000090400000| PB 0x0000000090400000| Complete 
| 261|0x0000000090500000, 0x0000000090600000, 0x0000000090600000|100%| E|CS|TAMS 0x0000000090500000| PB 0x0000000090500000| Complete 
| 262|0x0000000090600000, 0x0000000090700000, 0x0000000090700000|100%| E|CS|TAMS 0x0000000090600000| PB 0x0000000090600000| Complete 
| 263|0x0000000090700000, 0x0000000090800000, 0x0000000090800000|100%| E|CS|TAMS 0x0000000090700000| PB 0x0000000090700000| Complete 
| 264|0x0000000090800000, 0x0000000090900000, 0x0000000090900000|100%| E|CS|TAMS 0x0000000090800000| PB 0x0000000090800000| Complete 
| 265|0x0000000090900000, 0x0000000090a00000, 0x0000000090a00000|100%| E|CS|TAMS 0x0000000090900000| PB 0x0000000090900000| Complete 
| 266|0x0000000090a00000, 0x0000000090b00000, 0x0000000090b00000|100%| E|CS|TAMS 0x0000000090a00000| PB 0x0000000090a00000| Complete 
| 267|0x0000000090b00000, 0x0000000090c00000, 0x0000000090c00000|100%| E|CS|TAMS 0x0000000090b00000| PB 0x0000000090b00000| Complete 
| 268|0x0000000090c00000, 0x0000000090d00000, 0x0000000090d00000|100%| E|CS|TAMS 0x0000000090c00000| PB 0x0000000090c00000| Complete 
| 269|0x0000000090d00000, 0x0000000090e00000, 0x0000000090e00000|100%| E|CS|TAMS 0x0000000090d00000| PB 0x0000000090d00000| Complete 
| 270|0x0000000090e00000, 0x0000000090f00000, 0x0000000090f00000|100%| E|CS|TAMS 0x0000000090e00000| PB 0x0000000090e00000| Complete 
| 271|0x0000000090f00000, 0x0000000091000000, 0x0000000091000000|100%| E|CS|TAMS 0x0000000090f00000| PB 0x0000000090f00000| Complete 
| 272|0x0000000091000000, 0x0000000091100000, 0x0000000091100000|100%| E|CS|TAMS 0x0000000091000000| PB 0x0000000091000000| Complete 
| 273|0x0000000091100000, 0x0000000091200000, 0x0000000091200000|100%| E|CS|TAMS 0x0000000091100000| PB 0x0000000091100000| Complete 
| 274|0x0000000091200000, 0x0000000091300000, 0x0000000091300000|100%| E|CS|TAMS 0x0000000091200000| PB 0x0000000091200000| Complete 
| 275|0x0000000091300000, 0x0000000091400000, 0x0000000091400000|100%| E|CS|TAMS 0x0000000091300000| PB 0x0000000091300000| Complete 
| 276|0x0000000091400000, 0x0000000091500000, 0x0000000091500000|100%| E|CS|TAMS 0x0000000091400000| PB 0x0000000091400000| Complete 
| 277|0x0000000091500000, 0x0000000091600000, 0x0000000091600000|100%| E|CS|TAMS 0x0000000091500000| PB 0x0000000091500000| Complete 
| 278|0x0000000091600000, 0x0000000091700000, 0x0000000091700000|100%| E|CS|TAMS 0x0000000091600000| PB 0x0000000091600000| Complete 
| 279|0x0000000091700000, 0x0000000091800000, 0x0000000091800000|100%| E|CS|TAMS 0x0000000091700000| PB 0x0000000091700000| Complete 
| 280|0x0000000091800000, 0x0000000091900000, 0x0000000091900000|100%| E|CS|TAMS 0x0000000091800000| PB 0x0000000091800000| Complete 
| 281|0x0000000091900000, 0x0000000091a00000, 0x0000000091a00000|100%| E|CS|TAMS 0x0000000091900000| PB 0x0000000091900000| Complete 
| 282|0x0000000091a00000, 0x0000000091b00000, 0x0000000091b00000|100%| E|CS|TAMS 0x0000000091a00000| PB 0x0000000091a00000| Complete 
| 283|0x0000000091b00000, 0x0000000091c00000, 0x0000000091c00000|100%| E|CS|TAMS 0x0000000091b00000| PB 0x0000000091b00000| Complete 
| 284|0x0000000091c00000, 0x0000000091d00000, 0x0000000091d00000|100%| E|CS|TAMS 0x0000000091c00000| PB 0x0000000091c00000| Complete 
| 285|0x0000000091d00000, 0x0000000091e00000, 0x0000000091e00000|100%| E|CS|TAMS 0x0000000091d00000| PB 0x0000000091d00000| Complete 
| 286|0x0000000091e00000, 0x0000000091f00000, 0x0000000091f00000|100%| E|CS|TAMS 0x0000000091e00000| PB 0x0000000091e00000| Complete 
| 287|0x0000000091f00000, 0x0000000092000000, 0x0000000092000000|100%| E|CS|TAMS 0x0000000091f00000| PB 0x0000000091f00000| Complete 
| 288|0x0000000092000000, 0x0000000092100000, 0x0000000092100000|100%| E|CS|TAMS 0x0000000092000000| PB 0x0000000092000000| Complete 
| 289|0x0000000092100000, 0x0000000092200000, 0x0000000092200000|100%| E|CS|TAMS 0x0000000092100000| PB 0x0000000092100000| Complete 
| 290|0x0000000092200000, 0x0000000092300000, 0x0000000092300000|100%| E|CS|TAMS 0x0000000092200000| PB 0x0000000092200000| Complete 
| 291|0x0000000092300000, 0x0000000092400000, 0x0000000092400000|100%| E|CS|TAMS 0x0000000092300000| PB 0x0000000092300000| Complete 
| 292|0x0000000092400000, 0x0000000092500000, 0x0000000092500000|100%| E|CS|TAMS 0x0000000092400000| PB 0x0000000092400000| Complete 
| 293|0x0000000092500000, 0x0000000092600000, 0x0000000092600000|100%| E|CS|TAMS 0x0000000092500000| PB 0x0000000092500000| Complete 
| 294|0x0000000092600000, 0x0000000092700000, 0x0000000092700000|100%| E|CS|TAMS 0x0000000092600000| PB 0x0000000092600000| Complete 
| 295|0x0000000092700000, 0x0000000092800000, 0x0000000092800000|100%| E|CS|TAMS 0x0000000092700000| PB 0x0000000092700000| Complete 
| 296|0x0000000092800000, 0x0000000092900000, 0x0000000092900000|100%| E|CS|TAMS 0x0000000092800000| PB 0x0000000092800000| Complete 
| 297|0x0000000092900000, 0x0000000092a00000, 0x0000000092a00000|100%| E|CS|TAMS 0x0000000092900000| PB 0x0000000092900000| Complete 
| 298|0x0000000092a00000, 0x0000000092b00000, 0x0000000092b00000|100%| E|CS|TAMS 0x0000000092a00000| PB 0x0000000092a00000| Complete 
| 299|0x0000000092b00000, 0x0000000092c00000, 0x0000000092c00000|100%| E|CS|TAMS 0x0000000092b00000| PB 0x0000000092b00000| Complete 
| 300|0x0000000092c00000, 0x0000000092d00000, 0x0000000092d00000|100%| E|CS|TAMS 0x0000000092c00000| PB 0x0000000092c00000| Complete 
| 301|0x0000000092d00000, 0x0000000092e00000, 0x0000000092e00000|100%| E|CS|TAMS 0x0000000092d00000| PB 0x0000000092d00000| Complete 
| 302|0x0000000092e00000, 0x0000000092f00000, 0x0000000092f00000|100%| E|CS|TAMS 0x0000000092e00000| PB 0x0000000092e00000| Complete 
| 303|0x0000000092f00000, 0x0000000093000000, 0x0000000093000000|100%| E|CS|TAMS 0x0000000092f00000| PB 0x0000000092f00000| Complete 
| 304|0x0000000093000000, 0x0000000093100000, 0x0000000093100000|100%| E|CS|TAMS 0x0000000093000000| PB 0x0000000093000000| Complete 
| 305|0x0000000093100000, 0x0000000093200000, 0x0000000093200000|100%| E|CS|TAMS 0x0000000093100000| PB 0x0000000093100000| Complete 
| 306|0x0000000093200000, 0x0000000093300000, 0x0000000093300000|100%| E|CS|TAMS 0x0000000093200000| PB 0x0000000093200000| Complete 
| 307|0x0000000093300000, 0x0000000093400000, 0x0000000093400000|100%| E|CS|TAMS 0x0000000093300000| PB 0x0000000093300000| Complete 
| 308|0x0000000093400000, 0x0000000093500000, 0x0000000093500000|100%| E|CS|TAMS 0x0000000093400000| PB 0x0000000093400000| Complete 
| 309|0x0000000093500000, 0x0000000093600000, 0x0000000093600000|100%| E|CS|TAMS 0x0000000093500000| PB 0x0000000093500000| Complete 
| 310|0x0000000093600000, 0x0000000093700000, 0x0000000093700000|100%| E|CS|TAMS 0x0000000093600000| PB 0x0000000093600000| Complete 
| 311|0x0000000093700000, 0x0000000093800000, 0x0000000093800000|100%| E|CS|TAMS 0x0000000093700000| PB 0x0000000093700000| Complete 
| 312|0x0000000093800000, 0x0000000093900000, 0x0000000093900000|100%| E|CS|TAMS 0x0000000093800000| PB 0x0000000093800000| Complete 
| 313|0x0000000093900000, 0x0000000093a00000, 0x0000000093a00000|100%| E|CS|TAMS 0x0000000093900000| PB 0x0000000093900000| Complete 
| 314|0x0000000093a00000, 0x0000000093b00000, 0x0000000093b00000|100%| E|CS|TAMS 0x0000000093a00000| PB 0x0000000093a00000| Complete 
| 315|0x0000000093b00000, 0x0000000093c00000, 0x0000000093c00000|100%| E|CS|TAMS 0x0000000093b00000| PB 0x0000000093b00000| Complete 
| 316|0x0000000093c00000, 0x0000000093d00000, 0x0000000093d00000|100%| E|CS|TAMS 0x0000000093c00000| PB 0x0000000093c00000| Complete 
| 317|0x0000000093d00000, 0x0000000093e00000, 0x0000000093e00000|100%| E|CS|TAMS 0x0000000093d00000| PB 0x0000000093d00000| Complete 
| 318|0x0000000093e00000, 0x0000000093f00000, 0x0000000093f00000|100%| E|CS|TAMS 0x0000000093e00000| PB 0x0000000093e00000| Complete 
| 319|0x0000000093f00000, 0x0000000094000000, 0x0000000094000000|100%| E|CS|TAMS 0x0000000093f00000| PB 0x0000000093f00000| Complete 
| 320|0x0000000094000000, 0x0000000094100000, 0x0000000094100000|100%| E|CS|TAMS 0x0000000094000000| PB 0x0000000094000000| Complete 
| 321|0x0000000094100000, 0x0000000094200000, 0x0000000094200000|100%| E|CS|TAMS 0x0000000094100000| PB 0x0000000094100000| Complete 
| 322|0x0000000094200000, 0x0000000094300000, 0x0000000094300000|100%| E|CS|TAMS 0x0000000094200000| PB 0x0000000094200000| Complete 
| 323|0x0000000094300000, 0x0000000094400000, 0x0000000094400000|100%| E|CS|TAMS 0x0000000094300000| PB 0x0000000094300000| Complete 
| 324|0x0000000094400000, 0x0000000094500000, 0x0000000094500000|100%| E|CS|TAMS 0x0000000094400000| PB 0x0000000094400000| Complete 
| 325|0x0000000094500000, 0x0000000094600000, 0x0000000094600000|100%| E|CS|TAMS 0x0000000094500000| PB 0x0000000094500000| Complete 
| 326|0x0000000094600000, 0x0000000094700000, 0x0000000094700000|100%| E|CS|TAMS 0x0000000094600000| PB 0x0000000094600000| Complete 
| 327|0x0000000094700000, 0x0000000094800000, 0x0000000094800000|100%| E|CS|TAMS 0x0000000094700000| PB 0x0000000094700000| Complete 
| 328|0x0000000094800000, 0x0000000094900000, 0x0000000094900000|100%| E|CS|TAMS 0x0000000094800000| PB 0x0000000094800000| Complete 
| 329|0x0000000094900000, 0x0000000094a00000, 0x0000000094a00000|100%| E|CS|TAMS 0x0000000094900000| PB 0x0000000094900000| Complete 
| 330|0x0000000094a00000, 0x0000000094b00000, 0x0000000094b00000|100%| E|CS|TAMS 0x0000000094a00000| PB 0x0000000094a00000| Complete 
| 331|0x0000000094b00000, 0x0000000094c00000, 0x0000000094c00000|100%| E|CS|TAMS 0x0000000094b00000| PB 0x0000000094b00000| Complete 
| 332|0x0000000094c00000, 0x0000000094d00000, 0x0000000094d00000|100%| E|CS|TAMS 0x0000000094c00000| PB 0x0000000094c00000| Complete 
| 333|0x0000000094d00000, 0x0000000094e00000, 0x0000000094e00000|100%| E|CS|TAMS 0x0000000094d00000| PB 0x0000000094d00000| Complete 
| 334|0x0000000094e00000, 0x0000000094f00000, 0x0000000094f00000|100%| E|CS|TAMS 0x0000000094e00000| PB 0x0000000094e00000| Complete 
| 335|0x0000000094f00000, 0x0000000095000000, 0x0000000095000000|100%| E|CS|TAMS 0x0000000094f00000| PB 0x0000000094f00000| Complete 
| 458|0x000000009ca00000, 0x000000009cb00000, 0x000000009cb00000|100%| E|CS|TAMS 0x000000009ca00000| PB 0x000000009ca00000| Complete 
| 459|0x000000009cb00000, 0x000000009cc00000, 0x000000009cc00000|100%| E|CS|TAMS 0x000000009cb00000| PB 0x000000009cb00000| Complete 
| 460|0x000000009cc00000, 0x000000009cd00000, 0x000000009cd00000|100%| E|CS|TAMS 0x000000009cc00000| PB 0x000000009cc00000| Complete 
| 461|0x000000009cd00000, 0x000000009ce00000, 0x000000009ce00000|100%| E|CS|TAMS 0x000000009cd00000| PB 0x000000009cd00000| Complete 
| 462|0x000000009ce00000, 0x000000009cf00000, 0x000000009cf00000|100%| E|CS|TAMS 0x000000009ce00000| PB 0x000000009ce00000| Complete 
| 463|0x000000009cf00000, 0x000000009d000000, 0x000000009d000000|100%| E|CS|TAMS 0x000000009cf00000| PB 0x000000009cf00000| Complete 
| 464|0x000000009d000000, 0x000000009d100000, 0x000000009d100000|100%| E|CS|TAMS 0x000000009d000000| PB 0x000000009d000000| Complete 
| 465|0x000000009d100000, 0x000000009d200000, 0x000000009d200000|100%| E|CS|TAMS 0x000000009d100000| PB 0x000000009d100000| Complete 
| 466|0x000000009d200000, 0x000000009d300000, 0x000000009d300000|100%| E|CS|TAMS 0x000000009d200000| PB 0x000000009d200000| Complete 
| 467|0x000000009d300000, 0x000000009d400000, 0x000000009d400000|100%| E|CS|TAMS 0x000000009d300000| PB 0x000000009d300000| Complete 
| 468|0x000000009d400000, 0x000000009d500000, 0x000000009d500000|100%| E|CS|TAMS 0x000000009d400000| PB 0x000000009d400000| Complete 
| 469|0x000000009d500000, 0x000000009d600000, 0x000000009d600000|100%| E|CS|TAMS 0x000000009d500000| PB 0x000000009d500000| Complete 
| 470|0x000000009d600000, 0x000000009d700000, 0x000000009d700000|100%| E|CS|TAMS 0x000000009d600000| PB 0x000000009d600000| Complete 
| 471|0x000000009d700000, 0x000000009d800000, 0x000000009d800000|100%| E|CS|TAMS 0x000000009d700000| PB 0x000000009d700000| Complete 
| 472|0x000000009d800000, 0x000000009d900000, 0x000000009d900000|100%| E|CS|TAMS 0x000000009d800000| PB 0x000000009d800000| Complete 
| 473|0x000000009d900000, 0x000000009da00000, 0x000000009da00000|100%| E|CS|TAMS 0x000000009d900000| PB 0x000000009d900000| Complete 
| 474|0x000000009da00000, 0x000000009db00000, 0x000000009db00000|100%| E|CS|TAMS 0x000000009da00000| PB 0x000000009da00000| Complete 
| 475|0x000000009db00000, 0x000000009dc00000, 0x000000009dc00000|100%| E|CS|TAMS 0x000000009db00000| PB 0x000000009db00000| Complete 
| 476|0x000000009dc00000, 0x000000009dd00000, 0x000000009dd00000|100%| E|CS|TAMS 0x000000009dc00000| PB 0x000000009dc00000| Complete 
| 477|0x000000009dd00000, 0x000000009de00000, 0x000000009de00000|100%| E|CS|TAMS 0x000000009dd00000| PB 0x000000009dd00000| Complete 
| 478|0x000000009de00000, 0x000000009df00000, 0x000000009df00000|100%| E|CS|TAMS 0x000000009de00000| PB 0x000000009de00000| Complete 
| 479|0x000000009df00000, 0x000000009e000000, 0x000000009e000000|100%| E|CS|TAMS 0x000000009df00000| PB 0x000000009df00000| Complete 
| 480|0x000000009e000000, 0x000000009e100000, 0x000000009e100000|100%| E|CS|TAMS 0x000000009e000000| PB 0x000000009e000000| Complete 
| 481|0x000000009e100000, 0x000000009e200000, 0x000000009e200000|100%| E|CS|TAMS 0x000000009e100000| PB 0x000000009e100000| Complete 
| 482|0x000000009e200000, 0x000000009e300000, 0x000000009e300000|100%| E|CS|TAMS 0x000000009e200000| PB 0x000000009e200000| Complete 
| 483|0x000000009e300000, 0x000000009e400000, 0x000000009e400000|100%| E|CS|TAMS 0x000000009e300000| PB 0x000000009e300000| Complete 
| 484|0x000000009e400000, 0x000000009e500000, 0x000000009e500000|100%| E|  |TAMS 0x000000009e400000| PB 0x000000009e400000| Complete 
| 485|0x000000009e500000, 0x000000009e600000, 0x000000009e600000|100%| E|CS|TAMS 0x000000009e500000| PB 0x000000009e500000| Complete 
| 486|0x000000009e600000, 0x000000009e700000, 0x000000009e700000|100%| E|CS|TAMS 0x000000009e600000| PB 0x000000009e600000| Complete 
| 487|0x000000009e700000, 0x000000009e800000, 0x000000009e800000|100%| E|CS|TAMS 0x000000009e700000| PB 0x000000009e700000| Complete 
| 488|0x000000009e800000, 0x000000009e900000, 0x000000009e900000|100%| E|CS|TAMS 0x000000009e800000| PB 0x000000009e800000| Complete 
| 489|0x000000009e900000, 0x000000009ea00000, 0x000000009ea00000|100%| E|CS|TAMS 0x000000009e900000| PB 0x000000009e900000| Complete 
| 490|0x000000009ea00000, 0x000000009eb00000, 0x000000009eb00000|100%| E|CS|TAMS 0x000000009ea00000| PB 0x000000009ea00000| Complete 
| 491|0x000000009eb00000, 0x000000009ec00000, 0x000000009ec00000|100%| E|CS|TAMS 0x000000009eb00000| PB 0x000000009eb00000| Complete 
| 492|0x000000009ec00000, 0x000000009ed00000, 0x000000009ed00000|100%| E|CS|TAMS 0x000000009ec00000| PB 0x000000009ec00000| Complete 
| 493|0x000000009ed00000, 0x000000009ee00000, 0x000000009ee00000|100%| E|CS|TAMS 0x000000009ed00000| PB 0x000000009ed00000| Complete 
| 494|0x000000009ee00000, 0x000000009ef00000, 0x000000009ef00000|100%| E|CS|TAMS 0x000000009ee00000| PB 0x000000009ee00000| Complete 
| 495|0x000000009ef00000, 0x000000009f000000, 0x000000009f000000|100%| E|CS|TAMS 0x000000009ef00000| PB 0x000000009ef00000| Complete 
| 496|0x000000009f000000, 0x000000009f100000, 0x000000009f100000|100%| E|CS|TAMS 0x000000009f000000| PB 0x000000009f000000| Complete 
| 497|0x000000009f100000, 0x000000009f200000, 0x000000009f200000|100%| E|CS|TAMS 0x000000009f100000| PB 0x000000009f100000| Complete 
|2039|0x00000000ff700000, 0x00000000ff710200, 0x00000000ff800000|  6%| O|  |TAMS 0x00000000ff700000| PB 0x00000000ff700000| Untracked 
|2040|0x00000000ff800000, 0x00000000ff900000, 0x00000000ff900000|100%| O|  |TAMS 0x00000000ff800000| PB 0x00000000ff800000| Untracked 
|2041|0x00000000ff900000, 0x00000000ffa00000, 0x00000000ffa00000|100%| O|  |TAMS 0x00000000ff900000| PB 0x00000000ff900000| Untracked 
|2042|0x00000000ffa00000, 0x00000000ffb00000, 0x00000000ffb00000|100%| O|  |TAMS 0x00000000ffa00000| PB 0x00000000ffa00000| Untracked 
|2043|0x00000000ffb00000, 0x00000000ffc00000, 0x00000000ffc00000|100%| O|  |TAMS 0x00000000ffb00000| PB 0x00000000ffb00000| Untracked 
|2044|0x00000000ffc00000, 0x00000000ffd00000, 0x00000000ffd00000|100%| E|CS|TAMS 0x00000000ffc00000| PB 0x00000000ffc00000| Complete 
|2045|0x00000000ffd00000, 0x00000000ffe00000, 0x00000000ffe00000|100%| O|  |TAMS 0x00000000ffd00000| PB 0x00000000ffd00000| Untracked 
|2046|0x00000000ffe00000, 0x00000000fff00000, 0x00000000fff00000|100%| O|  |TAMS 0x00000000ffe00000| PB 0x00000000ffe00000| Untracked 
|2047|0x00000000fff00000, 0x0000000100000000, 0x0000000100000000|100%| O|  |TAMS 0x00000000fff00000| PB 0x00000000fff00000| Untracked 

Card table byte_map: [0x000002b126eb0000,0x000002b1272b0000] _byte_map_base: 0x000002b126ab0000

Marking Bits: (CMBitMap*) 0x000002b10f0e73c0
 Bits: [0x000002b1272b0000, 0x000002b1292b0000)

Polling page: 0x000002b10d170000

Metaspace:

Usage:
  Non-class:    148.92 MB used.
      Class:     21.60 MB used.
       Both:    170.52 MB used.

Virtual space:
  Non-class space:      192.00 MB reserved,     150.19 MB ( 78%) committed,  3 nodes.
      Class space:        1.00 GB reserved,      22.94 MB (  2%) committed,  1 nodes.
             Both:        1.19 GB reserved,     173.12 MB ( 14%) committed. 

Chunk freelists:
   Non-Class:  9.64 MB
       Class:  9.09 MB
        Both:  18.73 MB

MaxMetaspaceSize: unlimited
CompressedClassSpaceSize: 1.00 GB
Initial GC threshold: 21.00 MB
Current GC threshold: 185.00 MB
CDS: on
 - commit_granule_bytes: 65536.
 - commit_granule_words: 8192.
 - virtual_space_node_default_size: 8388608.
 - enlarge_chunks_in_place: 1.
 - use_allocation_guard: 0.


Internal statistics:

num_allocs_failed_limit: 12.
num_arena_births: 4680.
num_arena_deaths: 0.
num_vsnodes_births: 4.
num_vsnodes_deaths: 0.
num_space_committed: 2767.
num_space_uncommitted: 0.
num_chunks_returned_to_freelist: 12.
num_chunks_taken_from_freelist: 11853.
num_chunk_merges: 12.
num_chunk_splits: 8216.
num_chunks_enlarged: 5670.
num_inconsistent_stats: 0.

CodeHeap 'non-profiled nmethods': size=120000Kb used=14291Kb max_used=14291Kb free=105708Kb
 bounds [0x000002b11f250000, 0x000002b120050000, 0x000002b126780000]
CodeHeap 'profiled nmethods': size=120000Kb used=41250Kb max_used=41250Kb free=78749Kb
 bounds [0x000002b117780000, 0x000002b119fd0000, 0x000002b11ecb0000]
CodeHeap 'non-nmethods': size=5760Kb used=2845Kb max_used=2890Kb free=2914Kb
 bounds [0x000002b11ecb0000, 0x000002b11ef90000, 0x000002b11f250000]
 total_blobs=19909 nmethods=18764 adapters=1048
 compilation: enabled
              stopped_count=0, restarted_count=0
 full_count=0

Compilation events (20 events):
Event: 149.751 Thread 0x000002b12bd2be90 nmethod 23031 0x000002b119fa5a10 code [0x000002b119fa5be0, 0x000002b119fa5f00]
Event: 149.752 Thread 0x000002b12bd2be90 23032       3       ksp.org.jetbrains.kotlin.load.java.structure.impl.JavaMemberImpl::getAnnotationOwnerPsi (13 bytes)
Event: 149.752 Thread 0x000002b12bd2be90 nmethod 23032 0x000002b119fa6090 code [0x000002b119fa6280, 0x000002b119fa66e8]
Event: 149.752 Thread 0x000002b12bd2be90 23033       3       ksp.org.jetbrains.kotlin.load.java.structure.impl.JavaMemberImpl::isDeprecatedInJavaDoc (33 bytes)
Event: 149.752 Thread 0x000002b12bd2be90 nmethod 23033 0x000002b119fa6890 code [0x000002b119fa6aa0, 0x000002b119fa71a0]
Event: 149.755 Thread 0x000002b12bd2be90 23034       1       ksp.com.intellij.openapi.vfs.VirtualFile::isInLocalFileSystem (2 bytes)
Event: 149.755 Thread 0x000002b12bd2be90 nmethod 23034 0x000002b120030f90 code [0x000002b120031120, 0x000002b1200311e8]
Event: 149.756 Thread 0x000002b12bd2be90 23035       3       ksp.com.intellij.psi.impl.compiled.ClassFileStubBuilder::getSubBuilder (6 bytes)
Event: 149.757 Thread 0x000002b12bd2be90 nmethod 23035 0x000002b119fa7310 code [0x000002b119fa75a0, 0x000002b119fa81e8]
Event: 149.758 Thread 0x000002b12bd2be90 23036       3       ksp.com.intellij.psi.impl.compiled.ClassFileStubBuilder::getSubBuilder (33 bytes)
Event: 149.759 Thread 0x000002b12bd2be90 nmethod 23036 0x000002b119fa8610 code [0x000002b119fa88a0, 0x000002b119fa9468]
Event: 149.759 Thread 0x000002b12bd2be90 23037   !   3       ksp.com.intellij.psi.ClassFileViewProvider::isInnerClass (137 bytes)
Event: 149.761 Thread 0x000002b12bd2be90 nmethod 23037 0x000002b119fa9890 code [0x000002b119fa9c60, 0x000002b119fab490]
Event: 149.761 Thread 0x000002b12bd2be90 23039       3       ksp.org.jetbrains.kotlin.load.java.structure.impl.JavaClassifierTypeImpl::computeTypeArguments (166 bytes)
Event: 149.763 Thread 0x000002b12bd2be90 nmethod 23039 0x000002b119fabd90 code [0x000002b119fac1e0, 0x000002b119fae048]
Event: 149.763 Thread 0x000002b12bd2be90 23038       1       ksp.com.intellij.psi.impl.compiled.StubBuildingVisitor::getResult (5 bytes)
Event: 149.763 Thread 0x000002b12bd2be90 nmethod 23038 0x000002b120031290 code [0x000002b120031420, 0x000002b1200314e8]
Event: 149.765 Thread 0x000002b12bd2be90 23040       3       ksp.org.jetbrains.kotlin.cli.jvm.compiler.KotlinCliJavaFileManagerImpl$Companion::access$findClassInPsiFile (7 bytes)
Event: 149.765 Thread 0x000002b12bd2be90 nmethod 23040 0x000002b119faea90 code [0x000002b119faec40, 0x000002b119faed60]
Event: 149.765 Thread 0x000002b12bd2be90 23041       3       ksp.org.jetbrains.kotlin.cli.jvm.compiler.KotlinCliJavaFileManagerImpl$Companion::findClassByTopLevelClass (129 bytes)

GC Heap History (20 events):
Event: 123.783 GC heap before
{Heap before GC invocations=67 (full 0):
 garbage-first heap   total 183296K, used 168980K [0x0000000080000000, 0x0000000100000000)
  region size 1024K, 63 young (64512K), 4 survivors (4096K)
 Metaspace       used 110694K, committed 113216K, reserved 1179648K
  class space    used 14955K, committed 16192K, reserved 1048576K
}
Event: 123.787 GC heap after
{Heap after GC invocations=68 (full 0):
 garbage-first heap   total 183296K, used 110213K [0x0000000080000000, 0x0000000100000000)
  region size 1024K, 5 young (5120K), 5 survivors (5120K)
 Metaspace       used 110694K, committed 113216K, reserved 1179648K
  class space    used 14955K, committed 16192K, reserved 1048576K
}
Event: 123.963 GC heap before
{Heap before GC invocations=68 (full 0):
 garbage-first heap   total 183296K, used 166533K [0x0000000080000000, 0x0000000100000000)
  region size 1024K, 60 young (61440K), 5 survivors (5120K)
 Metaspace       used 111125K, committed 113664K, reserved 1179648K
  class space    used 14974K, committed 16256K, reserved 1048576K
}
Event: 123.969 GC heap after
{Heap after GC invocations=69 (full 0):
 garbage-first heap   total 183296K, used 111195K [0x0000000080000000, 0x0000000100000000)
  region size 1024K, 6 young (6144K), 6 survivors (6144K)
 Metaspace       used 111125K, committed 113664K, reserved 1179648K
  class space    used 14974K, committed 16256K, reserved 1048576K
}
Event: 124.092 GC heap before
{Heap before GC invocations=69 (full 0):
 garbage-first heap   total 183296K, used 165467K [0x0000000080000000, 0x0000000100000000)
  region size 1024K, 59 young (60416K), 6 survivors (6144K)
 Metaspace       used 111132K, committed 113664K, reserved 1179648K
  class space    used 14974K, committed 16256K, reserved 1048576K
}
Event: 124.096 GC heap after
{Heap after GC invocations=70 (full 0):
 garbage-first heap   total 183296K, used 112582K [0x0000000080000000, 0x0000000100000000)
  region size 1024K, 6 young (6144K), 6 survivors (6144K)
 Metaspace       used 111132K, committed 113664K, reserved 1179648K
  class space    used 14974K, committed 16256K, reserved 1048576K
}
Event: 124.270 GC heap before
{Heap before GC invocations=70 (full 0):
 garbage-first heap   total 189440K, used 165830K [0x0000000080000000, 0x0000000100000000)
  region size 1024K, 58 young (59392K), 6 survivors (6144K)
 Metaspace       used 111133K, committed 113664K, reserved 1179648K
  class space    used 14974K, committed 16256K, reserved 1048576K
}
Event: 124.275 GC heap after
{Heap after GC invocations=71 (full 0):
 garbage-first heap   total 189440K, used 113955K [0x0000000080000000, 0x0000000100000000)
  region size 1024K, 6 young (6144K), 6 survivors (6144K)
 Metaspace       used 111133K, committed 113664K, reserved 1179648K
  class space    used 14974K, committed 16256K, reserved 1048576K
}
Event: 124.410 GC heap before
{Heap before GC invocations=72 (full 0):
 garbage-first heap   total 189440K, used 172323K [0x0000000080000000, 0x0000000100000000)
  region size 1024K, 63 young (64512K), 6 survivors (6144K)
 Metaspace       used 111138K, committed 113664K, reserved 1179648K
  class space    used 14974K, committed 16256K, reserved 1048576K
}
Event: 124.416 GC heap after
{Heap after GC invocations=73 (full 0):
 garbage-first heap   total 189440K, used 115053K [0x0000000080000000, 0x0000000100000000)
  region size 1024K, 5 young (5120K), 5 survivors (5120K)
 Metaspace       used 111138K, committed 113664K, reserved 1179648K
  class space    used 14974K, committed 16256K, reserved 1048576K
}
Event: 124.895 GC heap before
{Heap before GC invocations=73 (full 0):
 garbage-first heap   total 189440K, used 173421K [0x0000000080000000, 0x0000000100000000)
  region size 1024K, 62 young (63488K), 5 survivors (5120K)
 Metaspace       used 111164K, committed 113728K, reserved 1179648K
  class space    used 14975K, committed 16256K, reserved 1048576K
}
Event: 124.903 GC heap after
{Heap after GC invocations=74 (full 0):
 garbage-first heap   total 514048K, used 113972K [0x0000000080000000, 0x0000000100000000)
  region size 1024K, 5 young (5120K), 5 survivors (5120K)
 Metaspace       used 111164K, committed 113728K, reserved 1179648K
  class space    used 14975K, committed 16256K, reserved 1048576K
}
Event: 126.525 GC heap before
{Heap before GC invocations=74 (full 0):
 garbage-first heap   total 514048K, used 417076K [0x0000000080000000, 0x0000000100000000)
  region size 1024K, 301 young (308224K), 5 survivors (5120K)
 Metaspace       used 111199K, committed 113728K, reserved 1179648K
  class space    used 14976K, committed 16256K, reserved 1048576K
}
Event: 126.530 GC heap after
{Heap after GC invocations=75 (full 0):
 garbage-first heap   total 514048K, used 116240K [0x0000000080000000, 0x0000000100000000)
  region size 1024K, 7 young (7168K), 7 survivors (7168K)
 Metaspace       used 111199K, committed 113728K, reserved 1179648K
  class space    used 14976K, committed 16256K, reserved 1048576K
}
Event: 127.954 GC heap before
{Heap before GC invocations=75 (full 0):
 garbage-first heap   total 514048K, used 387600K [0x0000000080000000, 0x0000000100000000)
  region size 1024K, 273 young (279552K), 7 survivors (7168K)
 Metaspace       used 111200K, committed 113728K, reserved 1179648K
  class space    used 14976K, committed 16256K, reserved 1048576K
}
Event: 127.956 GC heap after
{Heap after GC invocations=76 (full 0):
 garbage-first heap   total 514048K, used 114192K [0x0000000080000000, 0x0000000100000000)
  region size 1024K, 5 young (5120K), 5 survivors (5120K)
 Metaspace       used 111200K, committed 113728K, reserved 1179648K
  class space    used 14976K, committed 16256K, reserved 1048576K
}
Event: 133.649 GC heap before
{Heap before GC invocations=77 (full 0):
 garbage-first heap   total 389120K, used 352784K [0x0000000080000000, 0x0000000100000000)
  region size 1024K, 228 young (233472K), 5 survivors (5120K)
 Metaspace       used 136227K, committed 138880K, reserved 1179648K
  class space    used 18117K, committed 19456K, reserved 1048576K
}
Event: 133.662 GC heap after
{Heap after GC invocations=78 (full 0):
 garbage-first heap   total 389120K, used 131062K [0x0000000080000000, 0x0000000100000000)
  region size 1024K, 17 young (17408K), 17 survivors (17408K)
 Metaspace       used 136227K, committed 138880K, reserved 1179648K
  class space    used 18117K, committed 19456K, reserved 1048576K
}
Event: 142.299 GC heap before
{Heap before GC invocations=78 (full 0):
 garbage-first heap   total 389120K, used 349174K [0x0000000080000000, 0x0000000100000000)
  region size 1024K, 228 young (233472K), 17 survivors (17408K)
 Metaspace       used 164673K, committed 167360K, reserved 1245184K
  class space    used 21171K, committed 22528K, reserved 1048576K
}
Event: 142.344 GC heap after
{Heap after GC invocations=79 (full 0):
 garbage-first heap   total 394240K, used 158784K [0x0000000080000000, 0x0000000100000000)
  region size 1024K, 29 young (29696K), 29 survivors (29696K)
 Metaspace       used 164673K, committed 167360K, reserved 1245184K
  class space    used 21171K, committed 22528K, reserved 1048576K
}

Dll operation events (16 events):
Event: 0.033 Loaded shared library D:\Apps\cineversemvicleanarchitecture\.gradle\jdks\eclipse_adoptium-21-amd64-windows.2\bin\java.dll
Event: 0.125 Loaded shared library D:\Apps\cineversemvicleanarchitecture\.gradle\jdks\eclipse_adoptium-21-amd64-windows.2\bin\jsvml.dll
Event: 0.201 Loaded shared library D:\Apps\cineversemvicleanarchitecture\.gradle\jdks\eclipse_adoptium-21-amd64-windows.2\bin\zip.dll
Event: 0.207 Loaded shared library D:\Apps\cineversemvicleanarchitecture\.gradle\jdks\eclipse_adoptium-21-amd64-windows.2\bin\instrument.dll
Event: 0.215 Loaded shared library D:\Apps\cineversemvicleanarchitecture\.gradle\jdks\eclipse_adoptium-21-amd64-windows.2\bin\net.dll
Event: 0.219 Loaded shared library D:\Apps\cineversemvicleanarchitecture\.gradle\jdks\eclipse_adoptium-21-amd64-windows.2\bin\nio.dll
Event: 0.225 Loaded shared library D:\Apps\cineversemvicleanarchitecture\.gradle\jdks\eclipse_adoptium-21-amd64-windows.2\bin\zip.dll
Event: 0.437 Loaded shared library D:\Apps\cineversemvicleanarchitecture\.gradle\jdks\eclipse_adoptium-21-amd64-windows.2\bin\jimage.dll
Event: 0.759 Loaded shared library D:\Apps\cineversemvicleanarchitecture\.gradle\jdks\eclipse_adoptium-21-amd64-windows.2\bin\verify.dll
Event: 0.814 Loaded shared library D:\Apps\cineversemvicleanarchitecture\.gradle\native\660c5614fbf4a5f2a75b1949f50a0caf5cd603558e7d8a26e50b933a0cfb79d1\windows-amd64\native-platform.dll
Event: 0.834 Loaded shared library D:\Apps\cineversemvicleanarchitecture\.gradle\native\0.2.8\x86_64-windows-gnu\gradle-fileevents.dll
Event: 2.178 Loaded shared library D:\Apps\cineversemvicleanarchitecture\.gradle\jdks\eclipse_adoptium-21-amd64-windows.2\bin\management.dll
Event: 2.184 Loaded shared library D:\Apps\cineversemvicleanarchitecture\.gradle\jdks\eclipse_adoptium-21-amd64-windows.2\bin\management_ext.dll
Event: 2.445 Loaded shared library D:\Apps\cineversemvicleanarchitecture\.gradle\jdks\eclipse_adoptium-21-amd64-windows.2\bin\extnet.dll
Event: 2.876 Loaded shared library D:\Apps\cineversemvicleanarchitecture\.gradle\jdks\eclipse_adoptium-21-amd64-windows.2\bin\sunmscapi.dll
Event: 134.740 Loaded shared library D:\Apps\cineversemvicleanarchitecture\.gradle\jdks\eclipse_adoptium-21-amd64-windows.2\bin\awt.dll

Deoptimization events (20 events):
Event: 145.141 Thread 0x000002b177b48ac0 Uncommon trap: trap_request=0xffffffde fr.pc=0x000002b11ff4f648 relative=0x0000000000000568
Event: 145.141 Thread 0x000002b177b48ac0 Uncommon trap: reason=class_check action=maybe_recompile pc=0x000002b11ff4f648 method=kotlin.jvm.internal.CollectionToArray.toArray(Ljava/util/Collection;)[Ljava/lang/Object; @ 32 c2
Event: 145.141 Thread 0x000002b177b48ac0 DEOPT PACKING pc=0x000002b11ff4f648 sp=0x000000f11b2fbd00
Event: 145.141 Thread 0x000002b177b48ac0 DEOPT UNPACKING pc=0x000002b11ed07da2 sp=0x000000f11b2fbc80 mode 2
Event: 147.638 Thread 0x000002b177b48ac0 Uncommon trap: trap_request=0xffffff6e fr.pc=0x000002b11fff91d0 relative=0x0000000000000650
Event: 147.638 Thread 0x000002b177b48ac0 Uncommon trap: reason=loop_limit_check action=maybe_recompile pc=0x000002b11fff91d0 method=ksp.com.intellij.psi.PsiNameHelper.getOuterClassReference(Ljava/lang/String;)Ljava/lang/String; @ 10 c2
Event: 147.638 Thread 0x000002b177b48ac0 DEOPT PACKING pc=0x000002b11fff91d0 sp=0x000000f11b2f8cd0
Event: 147.638 Thread 0x000002b177b48ac0 DEOPT UNPACKING pc=0x000002b11ed07da2 sp=0x000000f11b2f8ca0 mode 2
Event: 147.793 Thread 0x000002b177b48ac0 Uncommon trap: trap_request=0xffffff45 fr.pc=0x000002b11ffcc83c relative=0x000000000000273c
Event: 147.793 Thread 0x000002b177b48ac0 Uncommon trap: reason=unstable_if action=reinterpret pc=0x000002b11ffcc83c method=ksp.com.intellij.psi.impl.cache.TypeInfo$RefTypeInfo.<init>(Ljava/lang/String;Lksp/com/intellij/psi/impl/cache/TypeInfo$RefTypeInfo;[Lksp/com/intellij/psi/impl/cache/TypeInf
Event: 147.793 Thread 0x000002b177b48ac0 DEOPT PACKING pc=0x000002b11ffcc83c sp=0x000000f11b2f85c0
Event: 147.795 Thread 0x000002b177b48ac0 DEOPT UNPACKING pc=0x000002b11ed07da2 sp=0x000000f11b2f8490 mode 2
Event: 147.795 Thread 0x000002b177b48ac0 Uncommon trap: trap_request=0xffffff45 fr.pc=0x000002b11ffc2374 relative=0x0000000000000a14
Event: 147.795 Thread 0x000002b177b48ac0 Uncommon trap: reason=unstable_if action=reinterpret pc=0x000002b11ffc2374 method=ksp.com.intellij.psi.impl.cache.TypeInfo$RefTypeInfo.<init>(Ljava/lang/String;Lksp/com/intellij/psi/impl/cache/TypeInfo$RefTypeInfo;[Lksp/com/intellij/psi/impl/cache/TypeInf
Event: 147.795 Thread 0x000002b177b48ac0 DEOPT PACKING pc=0x000002b11ffc2374 sp=0x000000f11b2f7d20
Event: 147.795 Thread 0x000002b177b48ac0 DEOPT UNPACKING pc=0x000002b11ed07da2 sp=0x000000f11b2f7d00 mode 2
Event: 148.276 Thread 0x000002b177b48ac0 Uncommon trap: trap_request=0xffffff45 fr.pc=0x000002b12000a710 relative=0x0000000000000550
Event: 148.276 Thread 0x000002b177b48ac0 Uncommon trap: reason=unstable_if action=reinterpret pc=0x000002b12000a710 method=kotlin.jvm.internal.CollectionToArray.toArray(Ljava/util/Collection;)[Ljava/lang/Object; @ 95 c2
Event: 148.276 Thread 0x000002b177b48ac0 DEOPT PACKING pc=0x000002b12000a710 sp=0x000000f11b2fbcd0
Event: 148.276 Thread 0x000002b177b48ac0 DEOPT UNPACKING pc=0x000002b11ed07da2 sp=0x000000f11b2fbc48 mode 2

Classes loaded (20 events):
Event: 136.049 Loading class jdk/jfr/internal/settings/BooleanValue
Event: 136.050 Loading class jdk/jfr/internal/settings/BooleanValue done
Event: 136.052 Loading class jdk/jfr/internal/periodic/JVMEventTask
Event: 136.052 Loading class jdk/jfr/internal/periodic/EventTask
Event: 136.052 Loading class jdk/jfr/internal/periodic/EventTask done
Event: 136.052 Loading class jdk/jfr/internal/periodic/JVMEventTask done
Event: 136.063 Loading class jdk/jfr/internal/MirrorEvent
Event: 136.063 Loading class jdk/jfr/internal/MirrorEvent done
Event: 136.067 Loading class jdk/jfr/internal/event/EventConfiguration
Event: 136.067 Loading class jdk/jfr/internal/event/EventConfiguration done
Event: 136.068 Loading class java/lang/annotation/Repeatable
Event: 136.069 Loading class java/lang/annotation/Repeatable done
Event: 136.073 Loading class jdk/jfr/SettingDefinition
Event: 136.073 Loading class jdk/jfr/SettingDefinition done
Event: 143.462 Loading class java/util/AbstractList$RandomAccessSubList
Event: 143.462 Loading class java/util/AbstractList$RandomAccessSubList done
Event: 143.506 Loading class java/util/regex/Pattern$LineEnding
Event: 143.506 Loading class java/util/regex/Pattern$LineEnding done
Event: 144.024 Loading class java/util/Collections$UnmodifiableList$1
Event: 144.024 Loading class java/util/Collections$UnmodifiableList$1 done

Classes unloaded (0 events):
No events

Classes redefined (0 events):
No events

Internal exceptions (20 events):
Event: 133.687 Thread 0x000002b177b48ac0 Implicit null exception at 0x000002b11fd6575a to 0x000002b11fd65858
Event: 133.942 Thread 0x000002b177b48ac0 Exception <a 'java/lang/NoSuchMethodError'{0x000000009e9cca30}: 'java.lang.Object java.lang.invoke.DirectMethodHandle$Holder.invokeStatic(java.lang.Object, java.lang.Object, int, java.lang.Object, java.lang.Object, java.lang.Object)'> (0x000000009e9cca30) 
thrown [s\src\hotspot\share\interpreter\linkResolver.cpp, line 773]
Event: 133.945 Thread 0x000002b17f3c3100 Implicit null exception at 0x000002b11f638328 to 0x000002b11f6383e8
Event: 133.947 Thread 0x000002b17f3c3100 Exception <a 'java/lang/NoSuchMethodError'{0x000000009e80bf70}: 'java.lang.Object java.lang.invoke.DirectMethodHandle$Holder.invokeStatic(java.lang.Object, int, java.lang.Object, java.lang.Object)'> (0x000000009e80bf70) 
thrown [s\src\hotspot\share\interpreter\linkResolver.cpp, line 773]
Event: 134.599 Thread 0x000002b177b48ac0 Exception <a 'java/lang/ClassNotFoundException'{0x0000000093f142f8}: sun/awt/resources/spi/awtProvider> (0x0000000093f142f8) 
thrown [s\src\hotspot\share\classfile\systemDictionary.cpp, line 312]
Event: 134.742 Thread 0x000002b177b48ac0 Exception <a 'java/io/FileNotFoundException'{0x0000000093f20fb8}> (0x0000000093f20fb8) 
thrown [s\src\hotspot\share\prims\jni.cpp, line 520]
Event: 134.742 Thread 0x000002b177b48ac0 Exception <a 'java/io/FileNotFoundException'{0x0000000093f228c0}> (0x0000000093f228c0) 
thrown [s\src\hotspot\share\prims\jni.cpp, line 520]
Event: 135.756 Thread 0x000002b177b48ac0 Exception <a 'java/lang/NoSuchMethodError'{0x000000009108fd80}: 'void java.lang.invoke.DirectMethodHandle$Holder.invokeSpecial(java.lang.Object, java.lang.Object, int, java.lang.Object)'> (0x000000009108fd80) 
thrown [s\src\hotspot\share\interpreter\linkResolver.cpp, line 773]
Event: 136.016 Thread 0x000002b177b48ac0 Exception <a 'java/lang/NoSuchMethodError'{0x00000000907d7498}: 'long java.lang.invoke.DirectMethodHandle$Holder.invokeVirtual(java.lang.Object, java.lang.Object)'> (0x00000000907d7498) 
thrown [s\src\hotspot\share\interpreter\linkResolver.cpp, line 773]
Event: 136.341 Thread 0x000002b177b48ac0 Exception <a 'java/lang/NoSuchMethodError'{0x000000008fb6d338}: 'java.lang.Object java.lang.invoke.DirectMethodHandle$Holder.invokeStaticInit(java.lang.Object, java.lang.Object, java.lang.Object, java.lang.Object)'> (0x000000008fb6d338) 
thrown [s\src\hotspot\share\interpreter\linkResolver.cpp, line 773]
Event: 136.414 Thread 0x000002b177b48ac0 Exception <a 'java/lang/NoSuchMethodError'{0x000000008fabbe18}: 'java.lang.Object java.lang.invoke.DirectMethodHandle$Holder.invokeStatic(java.lang.Object, java.lang.Object, int, java.lang.Object)'> (0x000000008fabbe18) 
thrown [s\src\hotspot\share\interpreter\linkResolver.cpp, line 773]
Event: 137.566 Thread 0x000002b177b48ac0 Exception <a 'java/lang/IncompatibleClassChangeError'{0x000000008e0521e8}: Found class java.lang.Object, but interface was expected> (0x000000008e0521e8) 
thrown [s\src\hotspot\share\interpreter\linkResolver.cpp, line 840]
Event: 143.313 Thread 0x000002b177b48ac0 Exception <a 'java/lang/NoSuchMethodError'{0x0000000094be66a8}: 'java.lang.Object java.lang.invoke.DirectMethodHandle$Holder.invokeStatic(java.lang.Object, java.lang.Object, java.lang.Object, java.lang.Object, int, java.lang.Object, java.lang.Object)'> (0x0000000094be66a8) 
thrown [s\src\hotspot\share\interpreter\linkResolver.cpp, line 773]
Event: 143.314 Thread 0x000002b177b48ac0 Exception <a 'java/lang/NoSuchMethodError'{0x0000000094befd78}: 'java.lang.Object java.lang.invoke.DirectMethodHandle$Holder.newInvokeSpecial(java.lang.Object, java.lang.Object, java.lang.Object, java.lang.Object, int, java.lang.Object, java.lang.Object)'> (0x0000000094befd78) 
thrown [s\src\hotspot\share\interpreter\linkResolver.cpp, line 773]
Event: 143.315 Thread 0x000002b177b48ac0 Exception <a 'java/lang/NoSuchMethodError'{0x0000000094bf81a0}: 'java.lang.Object java.lang.invoke.Invokers$Holder.linkToTargetMethod(java.lang.Object, java.lang.Object, java.lang.Object, int, java.lang.Object, java.lang.Object, java.lang.Object)'> (0x0000000094bf81a0) 
thrown [s\src\hotspot\share\interpreter\linkResolver.cpp, line 773]
Event: 143.540 Thread 0x000002b177b48ac0 Exception <a 'java/lang/IncompatibleClassChangeError'{0x00000000942f6f28}: Found class java.lang.Object, but interface was expected> (0x00000000942f6f28) 
thrown [s\src\hotspot\share\interpreter\linkResolver.cpp, line 840]
Event: 143.899 Thread 0x000002b177b48ac0 Exception <a 'java/lang/NoSuchMethodError'{0x0000000093664c40}: 'java.lang.Object java.lang.invoke.DirectMethodHandle$Holder.invokeStaticInit(java.lang.Object, java.lang.Object, java.lang.Object, java.lang.Object, java.lang.Object)'> (0x0000000093664c40) 
thrown [s\src\hotspot\share\interpreter\linkResolver.cpp, line 773]
Event: 143.906 Thread 0x000002b177b48ac0 Exception <a 'java/lang/NoSuchMethodError'{0x00000000936ae4f0}: 'java.lang.Object java.lang.invoke.DirectMethodHandle$Holder.invokeStatic(java.lang.Object, int, java.lang.Object, java.lang.Object, java.lang.Object)'> (0x00000000936ae4f0) 
thrown [s\src\hotspot\share\interpreter\linkResolver.cpp, line 773]
Event: 143.963 Thread 0x000002b177b48ac0 Implicit null exception at 0x000002b11fed458f to 0x000002b11fed48d8
Event: 144.473 Thread 0x000002b177b48ac0 Exception <a 'java/lang/IncompatibleClassChangeError'{0x0000000092bc9cd0}: Found class java.lang.Object, but interface was expected> (0x0000000092bc9cd0) 
thrown [s\src\hotspot\share\interpreter\linkResolver.cpp, line 840]

ZGC Phase Switch (0 events):
No events

VM Operations (20 events):
Event: 143.928 Executing VM operation: HandshakeAllThreads (Deoptimize) done
Event: 144.193 Executing VM operation: ICBufferFull
Event: 144.194 Executing VM operation: ICBufferFull done
Event: 144.793 Executing VM operation: ICBufferFull
Event: 144.793 Executing VM operation: ICBufferFull done
Event: 145.029 Executing VM operation: HandshakeAllThreads (Deoptimize)
Event: 145.029 Executing VM operation: HandshakeAllThreads (Deoptimize) done
Event: 145.102 Executing VM operation: HandshakeAllThreads (Deoptimize)
Event: 145.102 Executing VM operation: HandshakeAllThreads (Deoptimize) done
Event: 145.123 Executing VM operation: ICBufferFull
Event: 145.123 Executing VM operation: ICBufferFull done
Event: 146.131 Executing VM operation: Cleanup
Event: 146.146 Executing VM operation: Cleanup done
Event: 147.183 Executing VM operation: Cleanup
Event: 147.221 Executing VM operation: Cleanup done
Event: 148.228 Executing VM operation: Cleanup
Event: 148.229 Executing VM operation: Cleanup done
Event: 149.229 Executing VM operation: Cleanup
Event: 149.571 Executing VM operation: Cleanup done
Event: 150.578 Executing VM operation: Cleanup

Memory protections (0 events):
No events

Nmethod flushes (20 events):
Event: 128.054 Thread 0x000002b12bcec160 flushing  nmethod 0x000002b1180e5f10
Event: 128.054 Thread 0x000002b12bcec160 flushing  nmethod 0x000002b1180e6d90
Event: 128.054 Thread 0x000002b12bcec160 flushing  nmethod 0x000002b1180e7110
Event: 128.054 Thread 0x000002b12bcec160 flushing  nmethod 0x000002b1180e7590
Event: 128.054 Thread 0x000002b12bcec160 flushing  nmethod 0x000002b1180e7a90
Event: 128.054 Thread 0x000002b12bcec160 flushing  nmethod 0x000002b1180e9d90
Event: 128.054 Thread 0x000002b12bcec160 flushing  nmethod 0x000002b1180ea710
Event: 128.054 Thread 0x000002b12bcec160 flushing  nmethod 0x000002b1180ead90
Event: 128.054 Thread 0x000002b12bcec160 flushing  nmethod 0x000002b1180eb710
Event: 128.054 Thread 0x000002b12bcec160 flushing  nmethod 0x000002b1180ebc10
Event: 128.054 Thread 0x000002b12bcec160 flushing  nmethod 0x000002b1180ec090
Event: 128.054 Thread 0x000002b12bcec160 flushing  nmethod 0x000002b1180ecd90
Event: 128.054 Thread 0x000002b12bcec160 flushing  nmethod 0x000002b1180ed990
Event: 128.054 Thread 0x000002b12bcec160 flushing  nmethod 0x000002b1180eeb90
Event: 128.054 Thread 0x000002b12bcec160 flushing  nmethod 0x000002b1181e9310
Event: 128.054 Thread 0x000002b12bcec160 flushing  nmethod 0x000002b1181e9990
Event: 128.054 Thread 0x000002b12bcec160 flushing  nmethod 0x000002b11830ae10
Event: 128.054 Thread 0x000002b12bcec160 flushing  nmethod 0x000002b118481b10
Event: 128.054 Thread 0x000002b12bcec160 flushing  nmethod 0x000002b118f26c90
Event: 128.054 Thread 0x000002b12bcec160 flushing  nmethod 0x000002b118f27310

Events (20 events):
Event: 138.156 Thread 0x000002b1001e7fe0 Thread exited: 0x000002b1001e7fe0
Event: 139.093 Thread 0x000002b12bd2be90 Thread added: 0x000002b1001e7fe0
Event: 139.198 Thread 0x000002b12bd2be90 Thread added: 0x000002b1001e7240
Event: 139.587 Thread 0x000002b1001e7240 Thread exited: 0x000002b1001e7240
Event: 139.674 Thread 0x000002b1001e7fe0 Thread exited: 0x000002b1001e7fe0
Event: 140.031 Thread 0x000002b12bd2be90 Thread added: 0x000002b1001e6b70
Event: 140.410 Thread 0x000002b1001e6b70 Thread exited: 0x000002b1001e6b70
Event: 141.295 Thread 0x000002b12bd2be90 Thread added: 0x000002b1001ea1f0
Event: 141.300 Thread 0x000002b12bd2be90 Thread added: 0x000002b1001e6b70
Event: 142.394 Thread 0x000002b1001e6b70 Thread exited: 0x000002b1001e6b70
Event: 142.550 Thread 0x000002b1001ea1f0 Thread exited: 0x000002b1001ea1f0
Event: 143.031 Thread 0x000002b12bd2be90 Thread added: 0x000002b1001e7240
Event: 143.615 Thread 0x000002b1001e7240 Thread exited: 0x000002b1001e7240
Event: 144.036 Thread 0x000002b12bd2be90 Thread added: 0x000002b1001ecad0
Event: 144.186 Thread 0x000002b1001ecad0 Thread exited: 0x000002b1001ecad0
Event: 144.490 Thread 0x000002b12bd2be90 Thread added: 0x000002b1001ed1a0
Event: 145.493 Thread 0x000002b1001ed1a0 Thread exited: 0x000002b1001ed1a0
Event: 147.927 Thread 0x000002b12bd2be90 Thread added: 0x000002b1001ed1a0
Event: 148.230 Thread 0x000002b1001ed1a0 Thread exited: 0x000002b1001ed1a0
Event: 149.609 Thread 0x000002b12bd2be90 Thread added: 0x000002b1001ed1a0


Dynamic libraries:
0x00007ff6b91b0000 - 0x00007ff6b91be000 	D:\Apps\cineversemvicleanarchitecture\.gradle\jdks\eclipse_adoptium-21-amd64-windows.2\bin\java.exe
0x00007ffc518e0000 - 0x00007ffc51b46000 	C:\WINDOWS\SYSTEM32\ntdll.dll
0x00007ffc507e0000 - 0x00007ffc508a9000 	C:\WINDOWS\System32\KERNEL32.DLL
0x00007ffc4f110000 - 0x00007ffc4f50e000 	C:\WINDOWS\System32\KERNELBASE.dll
0x00007ffc4ed70000 - 0x00007ffc4eebc000 	C:\WINDOWS\System32\ucrtbase.dll
0x00007ffc30780000 - 0x00007ffc3079e000 	D:\Apps\cineversemvicleanarchitecture\.gradle\jdks\eclipse_adoptium-21-amd64-windows.2\bin\VCRUNTIME140.dll
0x00007ffc30450000 - 0x00007ffc30468000 	D:\Apps\cineversemvicleanarchitecture\.gradle\jdks\eclipse_adoptium-21-amd64-windows.2\bin\jli.dll
0x00007ffc4fb30000 - 0x00007ffc4fcf7000 	C:\WINDOWS\System32\USER32.dll
0x00007ffc4f5e0000 - 0x00007ffc4f607000 	C:\WINDOWS\System32\win32u.dll
0x00007ffc509f0000 - 0x00007ffc50a1b000 	C:\WINDOWS\System32\GDI32.dll
0x00007ffc32400000 - 0x00007ffc32692000 	C:\WINDOWS\WinSxS\amd64_microsoft.windows.common-controls_6595b64144ccf1df_6.0.26100.8875_none_3e0d5d42e32fe9dd\COMCTL32.dll
0x00007ffc4eb00000 - 0x00007ffc4ec2a000 	C:\WINDOWS\System32\gdi32full.dll
0x00007ffc508b0000 - 0x00007ffc50959000 	C:\WINDOWS\System32\msvcrt.dll
0x00007ffc4ec30000 - 0x00007ffc4ecd3000 	C:\WINDOWS\System32\msvcp_win.dll
0x00007ffc507a0000 - 0x00007ffc507d2000 	C:\WINDOWS\System32\IMM32.DLL
0x00007ffc482b0000 - 0x00007ffc482bc000 	D:\Apps\cineversemvicleanarchitecture\.gradle\jdks\eclipse_adoptium-21-amd64-windows.2\bin\vcruntime140_1.dll
0x00007ffc2f690000 - 0x00007ffc2f71d000 	D:\Apps\cineversemvicleanarchitecture\.gradle\jdks\eclipse_adoptium-21-amd64-windows.2\bin\msvcp140.dll
0x00007ffbec780000 - 0x00007ffbed510000 	D:\Apps\cineversemvicleanarchitecture\.gradle\jdks\eclipse_adoptium-21-amd64-windows.2\bin\server\jvm.dll
0x00007ffc517e0000 - 0x00007ffc51897000 	C:\WINDOWS\System32\ADVAPI32.dll
0x00007ffc4f610000 - 0x00007ffc4f6ba000 	C:\WINDOWS\System32\sechost.dll
0x00007ffc4fe50000 - 0x00007ffc4ff68000 	C:\WINDOWS\System32\RPCRT4.dll
0x00007ffc50300000 - 0x00007ffc50380000 	C:\WINDOWS\System32\WS2_32.dll
0x00007ffc4e960000 - 0x00007ffc4e9be000 	C:\WINDOWS\SYSTEM32\POWRPROF.dll
0x00007ffc44510000 - 0x00007ffc44546000 	C:\WINDOWS\SYSTEM32\WINMM.dll
0x00007ffc444e0000 - 0x00007ffc444eb000 	C:\WINDOWS\SYSTEM32\VERSION.dll
0x00007ffc4e940000 - 0x00007ffc4e954000 	C:\WINDOWS\SYSTEM32\UMPDC.dll
0x00007ffc4d7a0000 - 0x00007ffc4d7bb000 	C:\WINDOWS\SYSTEM32\kernel.appcore.dll
0x00007ffc3e730000 - 0x00007ffc3e73a000 	D:\Apps\cineversemvicleanarchitecture\.gradle\jdks\eclipse_adoptium-21-amd64-windows.2\bin\jimage.dll
0x00007ffc4c020000 - 0x00007ffc4c262000 	C:\WINDOWS\SYSTEM32\DBGHELP.DLL
0x00007ffc4ff70000 - 0x00007ffc502f3000 	C:\WINDOWS\System32\combase.dll
0x00007ffc4fd70000 - 0x00007ffc4fe49000 	C:\WINDOWS\System32\OLEAUT32.dll
0x00007ffc2dff0000 - 0x00007ffc2e02b000 	C:\WINDOWS\SYSTEM32\dbgcore.DLL
0x00007ffc4f520000 - 0x00007ffc4f5cc000 	C:\WINDOWS\System32\bcryptPrimitives.dll
0x00007ffc3d3b0000 - 0x00007ffc3d3bf000 	D:\Apps\cineversemvicleanarchitecture\.gradle\jdks\eclipse_adoptium-21-amd64-windows.2\bin\instrument.dll
0x00007ffc30350000 - 0x00007ffc3036f000 	D:\Apps\cineversemvicleanarchitecture\.gradle\jdks\eclipse_adoptium-21-amd64-windows.2\bin\java.dll
0x00007ffc50ff0000 - 0x00007ffc51782000 	C:\WINDOWS\System32\SHELL32.dll
0x00007ffc4c560000 - 0x00007ffc4cdf2000 	C:\WINDOWS\SYSTEM32\windows.storage.dll
0x00007ffc50ed0000 - 0x00007ffc50fc7000 	C:\WINDOWS\System32\SHCORE.dll
0x00007ffc4fd00000 - 0x00007ffc4fd67000 	C:\WINDOWS\System32\shlwapi.dll
0x00007ffc4ea20000 - 0x00007ffc4ea49000 	C:\WINDOWS\SYSTEM32\profapi.dll
0x00007ffc2c6f0000 - 0x00007ffc2c7c7000 	D:\Apps\cineversemvicleanarchitecture\.gradle\jdks\eclipse_adoptium-21-amd64-windows.2\bin\jsvml.dll
0x00007ffc2ffb0000 - 0x00007ffc2ffc8000 	D:\Apps\cineversemvicleanarchitecture\.gradle\jdks\eclipse_adoptium-21-amd64-windows.2\bin\zip.dll
0x00007ffc3b490000 - 0x00007ffc3b4a0000 	D:\Apps\cineversemvicleanarchitecture\.gradle\jdks\eclipse_adoptium-21-amd64-windows.2\bin\net.dll
0x00007ffc47530000 - 0x00007ffc47657000 	C:\WINDOWS\SYSTEM32\WINHTTP.dll
0x00007ffc4dd30000 - 0x00007ffc4dd9c000 	C:\WINDOWS\system32\mswsock.dll
0x00007ffc2fdd0000 - 0x00007ffc2fde6000 	D:\Apps\cineversemvicleanarchitecture\.gradle\jdks\eclipse_adoptium-21-amd64-windows.2\bin\nio.dll
0x00007ffc3a630000 - 0x00007ffc3a640000 	D:\Apps\cineversemvicleanarchitecture\.gradle\jdks\eclipse_adoptium-21-amd64-windows.2\bin\verify.dll
0x00007ffc2ffd0000 - 0x00007ffc2fff7000 	D:\Apps\cineversemvicleanarchitecture\.gradle\native\660c5614fbf4a5f2a75b1949f50a0caf5cd603558e7d8a26e50b933a0cfb79d1\windows-amd64\native-platform.dll
0x00007ffc2fc50000 - 0x00007ffc2fcc7000 	D:\Apps\cineversemvicleanarchitecture\.gradle\native\0.2.8\x86_64-windows-gnu\gradle-fileevents.dll
0x00007ffc30560000 - 0x00007ffc3056a000 	D:\Apps\cineversemvicleanarchitecture\.gradle\jdks\eclipse_adoptium-21-amd64-windows.2\bin\management.dll
0x00007ffc30490000 - 0x00007ffc3049b000 	D:\Apps\cineversemvicleanarchitecture\.gradle\jdks\eclipse_adoptium-21-amd64-windows.2\bin\management_ext.dll
0x00007ffc50410000 - 0x00007ffc50418000 	C:\WINDOWS\System32\PSAPI.DLL
0x00007ffc4d150000 - 0x00007ffc4d183000 	C:\WINDOWS\SYSTEM32\IPHLPAPI.DLL
0x00007ffc4fa90000 - 0x00007ffc4fa9a000 	C:\WINDOWS\System32\NSI.dll
0x00007ffc2ffa0000 - 0x00007ffc2ffa9000 	D:\Apps\cineversemvicleanarchitecture\.gradle\jdks\eclipse_adoptium-21-amd64-windows.2\bin\extnet.dll
0x00007ffc4e160000 - 0x00007ffc4e17b000 	C:\WINDOWS\SYSTEM32\CRYPTSP.dll
0x00007ffc4d700000 - 0x00007ffc4d739000 	C:\WINDOWS\system32\rsaenh.dll
0x00007ffc4ddf0000 - 0x00007ffc4de22000 	C:\WINDOWS\SYSTEM32\USERENV.dll
0x00007ffc4e9f0000 - 0x00007ffc4ea1a000 	C:\WINDOWS\SYSTEM32\bcrypt.dll
0x00007ffc4dfa0000 - 0x00007ffc4dfac000 	C:\WINDOWS\SYSTEM32\CRYPTBASE.dll
0x00007ffc2ff00000 - 0x00007ffc2ff0e000 	D:\Apps\cineversemvicleanarchitecture\.gradle\jdks\eclipse_adoptium-21-amd64-windows.2\bin\sunmscapi.dll
0x00007ffc4eed0000 - 0x00007ffc4f048000 	C:\WINDOWS\System32\CRYPT32.dll
0x00007ffc4e2d0000 - 0x00007ffc4e300000 	C:\WINDOWS\SYSTEM32\ncrypt.dll
0x00007ffc4e280000 - 0x00007ffc4e2bf000 	C:\WINDOWS\SYSTEM32\NTASN1.dll
0x00007ffbe00b0000 - 0x00007ffbe00b8000 	C:\WINDOWS\system32\wshunix.dll
0x00007ffc4d190000 - 0x00007ffc4d2e6000 	C:\WINDOWS\SYSTEM32\DNSAPI.dll
0x00007ffc4db50000 - 0x00007ffc4db5d000 	C:\WINDOWS\SYSTEM32\DSPARSE.dll
0x00007ffc44400000 - 0x00007ffc4440b000 	C:\Windows\System32\rasadhlp.dll
0x00007ffc48210000 - 0x00007ffc48296000 	C:\WINDOWS\System32\fwpuclnt.dll
0x00007ffc4d8d0000 - 0x00007ffc4d906000 	C:\WINDOWS\SYSTEM32\ntmarta.dll
0x00007ffc2c8f0000 - 0x00007ffc2ca7e000 	D:\Apps\cineversemvicleanarchitecture\.gradle\jdks\eclipse_adoptium-21-amd64-windows.2\bin\awt.dll
0x00007ffc4b560000 - 0x00007ffc4b600000 	C:\WINDOWS\SYSTEM32\apphelp.dll
0x00007ffc4b6a0000 - 0x00007ffc4b749000 	C:\WINDOWS\system32\uxtheme.dll
0x00007ffc4f920000 - 0x00007ffc4fa7d000 	C:\WINDOWS\System32\MSCTF.dll
0x00007ffc4f6c0000 - 0x00007ffc4f859000 	C:\WINDOWS\System32\ole32.dll

dbghelp: loaded successfully - version: 4.0.5 - missing functions: none
symbol engine: initialized successfully - sym options: 0x614 - pdb path: .;D:\Apps\cineversemvicleanarchitecture\.gradle\jdks\eclipse_adoptium-21-amd64-windows.2\bin;C:\WINDOWS\SYSTEM32;C:\WINDOWS\WinSxS\amd64_microsoft.windows.common-controls_6595b64144ccf1df_6.0.26100.8875_none_3e0d5d42e32fe9dd;D:\Apps\cineversemvicleanarchitecture\.gradle\jdks\eclipse_adoptium-21-amd64-windows.2\bin\server;D:\Apps\cineversemvicleanarchitecture\.gradle\native\660c5614fbf4a5f2a75b1949f50a0caf5cd603558e7d8a26e50b933a0cfb79d1\windows-amd64;D:\Apps\cineversemvicleanarchitecture\.gradle\native\0.2.8\x86_64-windows-gnu

VM Arguments:
jvm_args: --add-opens=java.base/java.lang=ALL-UNNAMED --add-opens=java.base/java.lang.invoke=ALL-UNNAMED --add-opens=java.base/java.util=ALL-UNNAMED --add-opens=java.prefs/java.util.prefs=ALL-UNNAMED --add-exports=jdk.compiler/com.sun.tools.javac.api=ALL-UNNAMED --add-exports=jdk.compiler/com.sun.tools.javac.util=ALL-UNNAMED --add-opens=java.base/java.nio.charset=ALL-UNNAMED --add-opens=java.base/java.net=ALL-UNNAMED --add-opens=java.base/java.util.concurrent=ALL-UNNAMED --add-opens=java.base/java.util.concurrent.atomic=ALL-UNNAMED --add-opens=java.xml/javax.xml.namespace=ALL-UNNAMED --add-opens=java.base/java.time=ALL-UNNAMED -Xmx2048m -Dfile.encoding=UTF-8 -Duser.country=IN -Duser.language=en -Duser.variant -javaagent:D:\Apps\cineversemvicleanarchitecture\.gradle\wrapper\dists\gradle-9.6.1-bin\4ticwg1pgcbps2hj28r8so764\gradle-9.6.1\lib\agents\gradle-instrumentation-agent-9.6.1.jar 
java_command: org.gradle.launcher.daemon.bootstrap.GradleDaemon 9.6.1
java_class_path (initial): D:\Apps\cineversemvicleanarchitecture\.gradle\wrapper\dists\gradle-9.6.1-bin\4ticwg1pgcbps2hj28r8so764\gradle-9.6.1\lib\gradle-daemon-main-9.6.1.jar
Launcher Type: SUN_STANDARD

[Global flags]
     intx CICompilerCount                          = 4                                         {product} {ergonomic}
     uint ConcGCThreads                            = 2                                         {product} {ergonomic}
     uint G1ConcRefinementThreads                  = 8                                         {product} {ergonomic}
   size_t G1HeapRegionSize                         = 1048576                                   {product} {ergonomic}
    uintx GCDrainStackTargetSize                   = 64                                        {product} {ergonomic}
   size_t InitialHeapSize                          = 264241152                                 {product} {ergonomic}
   size_t MarkStackSize                            = 4194304                                   {product} {ergonomic}
   size_t MaxHeapSize                              = 2147483648                                {product} {command line}
   size_t MaxNewSize                               = 1287651328                                {product} {ergonomic}
   size_t MinHeapDeltaBytes                        = 1048576                                   {product} {ergonomic}
   size_t MinHeapSize                              = 8388608                                   {product} {ergonomic}
    uintx NonNMethodCodeHeapSize                   = 5839372                                {pd product} {ergonomic}
    uintx NonProfiledCodeHeapSize                  = 122909434                              {pd product} {ergonomic}
    uintx ProfiledCodeHeapSize                     = 122909434                              {pd product} {ergonomic}
    uintx ReservedCodeCacheSize                    = 251658240                              {pd product} {ergonomic}
     bool SegmentedCodeCache                       = true                                      {product} {ergonomic}
   size_t SoftMaxHeapSize                          = 2147483648                             {manageable} {ergonomic}
     bool UseCompressedOops                        = true                           {product lp64_product} {ergonomic}
     bool UseG1GC                                  = true                                      {product} {ergonomic}
     bool UseLargePagesIndividualAllocation        = false                                  {pd product} {ergonomic}

Logging:
Log output configuration:
 #0: stdout all=warning uptime,level,tags foldmultilines=false
 #1: stderr all=off uptime,level,tags foldmultilines=false

Environment Variables:
JAVA_HOME=C:\Program Files\Java\jdk-17
PATH=C:\Users\sidd8\.codex\tmp\arg0\codex-arg0zk8rVm;C:\Program Files\Java\jdk-17\bin;C:\Users\sidd8\AppData\Local\Microsoft\WindowsApps;C:\Users\sidd8\AppData\Local\GitHubDesktop\bin;C:\Users\sidd8\AppData\Local\OpenAI\Codex\bin\2e371a028d4fba76;C:\Program Files\WindowsApps\OpenAI.Codex_26.803.10989.0_x64__2p2nqsd0c76g0\app\resources
USERNAME=sidd8
LANG=C.UTF-8
LC_ALL=C.UTF-8
LC_CTYPE=C.UTF-8
TERM=dumb
OS=Windows_NT
PROCESSOR_IDENTIFIER=Intel64 Family 6 Model 140 Stepping 1, GenuineIntel
TMP=C:\Users\sidd8\AppData\Local\Temp
TEMP=C:\Users\sidd8\AppData\Local\Temp




Periodic native trim disabled

---------------  S Y S T E M  ---------------

OS:
 Windows 11 , 64 bit Build 26100 (10.0.26100.8875)
OS uptime: 12 days 8:15 hours
Hyper-V role detected

CPU: total 8 (initial active 8) (4 cores per cpu, 2 threads per core) family 6 model 140 stepping 1 microcode 0xbe, cx8, cmov, fxsr, ht, mmx, 3dnowpref, sse, sse2, sse3, ssse3, sse4.1, sse4.2, popcnt, lzcnt, tsc, tscinvbit, avx, avx2, aes, erms, clmul, bmi1, bmi2, adx, avx512f, avx512dq, avx512cd, avx512bw, avx512vl, sha, fma, vzeroupper, avx512_vpopcntdq, avx512_vpclmulqdq, avx512_vaes, avx512_vnni, clflush, clflushopt, clwb, avx512_vbmi2, avx512_vbmi, hv, rdtscp, rdpid, fsrm, gfni, avx512_bitalg, f16c, cet_ibt, cet_ss, avx512_ifma
Processor Information for the first 8 processors :
  Max Mhz: 1498, Current Mhz: 1498, Mhz Limit: 1498

Memory: 4k page, system-wide physical 16106M (1100M free)
TotalPageFile size 34567M (AvailPageFile size 7M)
current process WorkingSet (physical memory assigned to process): 714M, peak: 773M
current process commit charge ("private bytes"): 868M, peak: 901M

vm_info: OpenJDK 64-Bit Server VM (21.0.7+6-LTS) for windows-amd64 JRE (21.0.7+6-LTS), built on 2025-04-15T00:00:00Z by "admin" with MS VC++ 17.7 (VS2022)

END.
