#
# There is insufficient memory for the Java Runtime Environment to continue.
# Native memory allocation (mmap) failed to map 6291456 bytes. Error detail: G1 virtual space
# Possible reasons:
#   The system is out of physical RAM or swap space
#   This process is running with CompressedOops enabled, and the Java Heap may be blocking the growth of the native heap
# Possible solutions:
#   Reduce memory load on the system
#   Increase physical memory or swap space
#   Check if swap backing store is full
#   Decrease Java heap size (-Xmx/-Xms)
#   Decrease number of Java threads
#   Decrease Java thread stack sizes (-Xss)
#   Set larger code cache with -XX:ReservedCodeCacheSize=
#   JVM is running with Unscaled Compressed Oops mode in which the Java heap is
#     placed in the first 4GB address space. The Java Heap base address is the
#     maximum limit for the native heap growth. Please use -XX:HeapBaseMinAddress
#     to set the Java Heap base and to place the Java Heap above 4GB virtual address.
# This output file may be truncated or incomplete.
#
#  Out of Memory Error (os_windows.cpp:3686), pid=11776, tid=19368
#
# JRE version: OpenJDK Runtime Environment Temurin-21.0.7+6 (21.0.7+6) (build 21.0.7+6-LTS)
# Java VM: OpenJDK 64-Bit Server VM Temurin-21.0.7+6 (21.0.7+6-LTS, mixed mode, emulated-client, sharing, tiered, compressed oops, compressed class ptrs, g1 gc, windows-amd64)
# No core dump will be written. Minidumps are not enabled by default on client versions of Windows
#

---------------  S U M M A R Y ------------

Command Line: --add-opens=java.base/java.lang=ALL-UNNAMED --add-opens=java.base/java.lang.invoke=ALL-UNNAMED --add-opens=java.base/java.util=ALL-UNNAMED --add-opens=java.prefs/java.util.prefs=ALL-UNNAMED --add-exports=jdk.compiler/com.sun.tools.javac.api=ALL-UNNAMED --add-exports=jdk.compiler/com.sun.tools.javac.util=ALL-UNNAMED --add-opens=java.base/java.nio.charset=ALL-UNNAMED --add-opens=java.base/java.net=ALL-UNNAMED --add-opens=java.base/java.util.concurrent=ALL-UNNAMED --add-opens=java.base/java.util.concurrent.atomic=ALL-UNNAMED --add-opens=java.xml/javax.xml.namespace=ALL-UNNAMED --add-opens=java.base/java.time=ALL-UNNAMED -XX:TieredStopAtLevel=1 -Xmx1024m -Dfile.encoding=UTF-8 -Duser.country=IN -Duser.language=en -Duser.variant -javaagent:D:\Apps\cineversemvicleanarchitecture\.gradle\wrapper\dists\gradle-9.6.1-bin\4ticwg1pgcbps2hj28r8so764\gradle-9.6.1\lib\agents\gradle-instrumentation-agent-9.6.1.jar org.gradle.launcher.daemon.bootstrap.GradleDaemon 9.6.1

Host: 11th Gen Intel(R) Core(TM) i5-1145G7 @ 2.60GHz, 8 cores, 15G,  Windows 11 , 64 bit Build 26100 (10.0.26100.8875)
Time: Tue Aug 18 11:47:12 2026 India Standard Time elapsed time: 96.275275 seconds (0d 0h 1m 36s)

---------------  T H R E A D  ---------------

Current thread (0x000001bbd56e0820):  VMThread "VM Thread"          [id=19368, stack(0x0000000587c00000,0x0000000587d00000) (1024K)]

Stack: [0x0000000587c00000,0x0000000587d00000]
Native frames: (J=compiled Java code, j=interpreted, Vv=VM code, C=native code)
V  [jvm.dll+0x6ce119]
V  [jvm.dll+0x8a84a1]
V  [jvm.dll+0x8aa9ce]
V  [jvm.dll+0x8ab0b3]
V  [jvm.dll+0x27f8a6]
V  [jvm.dll+0x6ca945]
V  [jvm.dll+0x6bebea]
V  [jvm.dll+0x355eca]
V  [jvm.dll+0x35da96]
V  [jvm.dll+0x3af72e]
V  [jvm.dll+0x3af9d8]
V  [jvm.dll+0x32a05c]
V  [jvm.dll+0x32c8b6]
V  [jvm.dll+0x336aa8]
V  [jvm.dll+0x36bfcf]
V  [jvm.dll+0x8b0dcf]
V  [jvm.dll+0x8b2154]
V  [jvm.dll+0x8b2690]
V  [jvm.dll+0x8b2933]
V  [jvm.dll+0x851f6b]
V  [jvm.dll+0x6cc7dd]
C  [ucrtbase.dll+0x2cd30]
C  [KERNEL32.DLL+0x2e957]
C  [ntdll.dll+0xaad6c]

VM_Operation (0x00000005877ff500): G1PauseRemark, mode: safepoint, requested by thread 0x000001bbc3e0e230


---------------  P R O C E S S  ---------------

Threads class SMR info:
_java_thread_list=0x000001bbdd4ab2f0, length=58, elements={
0x000001bbc6012920, 0x000001bbd56ffbc0, 0x000001bbd56ecfd0, 0x000001bbd57048b0,
0x000001bbd5705300, 0x000001bbd5707d60, 0x000001bbd57087b0, 0x000001bbd5710050,
0x000001bbd58450f0, 0x000001bbd58ed7c0, 0x000001bbdbacbfa0, 0x000001bbdbb89980,
0x000001bbdbbac480, 0x000001bbdbc15d80, 0x000001bbdbc16fc0, 0x000001bbdbc60de0,
0x000001bbdbc61c20, 0x000001bbdbc66140, 0x000001bbdbc7d2a0, 0x000001bbdbc79e20,
0x000001bbdbc7a4b0, 0x000001bbdbc7bef0, 0x000001bbdbc7cc10, 0x000001bbdbc7ab40,
0x000001bbdbc7b1d0, 0x000001bbdbc7c580, 0x000001bbdbc7b860, 0x000001bbdc6ff070,
0x000001bbdc6ff700, 0x000001bbdc6fe9e0, 0x000001bbdc6fe350, 0x000001bbdc6ffd90,
0x000001bbdc700ab0, 0x000001bbdc6fdcc0, 0x000001bbdc7038a0, 0x000001bbdc7024f0,
0x000001bbdde9dab0, 0x000001bbdde9e7d0, 0x000001bbdde9ee60, 0x000001bbdde9f4f0,
0x000001bbdde9c070, 0x000001bbdde9cd90, 0x000001bbddea3690, 0x000001bbe4ce0830,
0x000001bbe4ce0ec0, 0x000001bbdaa7ec00, 0x000001bbdaa7dee0, 0x000001bbef2af410,
0x000001bbef13b080, 0x000001bbef2b07c0, 0x000001bbef2b1b70, 0x000001bbef2afaa0,
0x000001bbef2b0130, 0x000001bbef2aed80, 0x000001bbef2b4960, 0x000001bbedb31fe0,
0x000001bbedb33450, 0x000001bbef50c280
}

Java Threads: ( => current thread )
  0x000001bbc6012920 JavaThread "main"                              [_thread_blocked, id=55020, stack(0x0000000587500000,0x0000000587600000) (1024K)]
  0x000001bbd56ffbc0 JavaThread "Reference Handler"          daemon [_thread_blocked, id=41704, stack(0x0000000587d00000,0x0000000587e00000) (1024K)]
  0x000001bbd56ecfd0 JavaThread "Finalizer"                  daemon [_thread_blocked, id=41428, stack(0x0000000587e00000,0x0000000587f00000) (1024K)]
  0x000001bbd57048b0 JavaThread "Signal Dispatcher"          daemon [_thread_blocked, id=10452, stack(0x0000000587f00000,0x0000000588000000) (1024K)]
  0x000001bbd5705300 JavaThread "Attach Listener"            daemon [_thread_blocked, id=56208, stack(0x0000000588000000,0x0000000588100000) (1024K)]
  0x000001bbd5707d60 JavaThread "Service Thread"             daemon [_thread_blocked, id=52408, stack(0x0000000588100000,0x0000000588200000) (1024K)]
  0x000001bbd57087b0 JavaThread "Monitor Deflation Thread"   daemon [_thread_blocked, id=41980, stack(0x0000000588200000,0x0000000588300000) (1024K)]
  0x000001bbd5710050 JavaThread "C1 CompilerThread0"         daemon [_thread_blocked, id=33952, stack(0x0000000588300000,0x0000000588400000) (1024K)]
  0x000001bbd58450f0 JavaThread "Common-Cleaner"             daemon [_thread_blocked, id=38768, stack(0x0000000588600000,0x0000000588700000) (1024K)]
  0x000001bbd58ed7c0 JavaThread "Notification Thread"        daemon [_thread_blocked, id=44356, stack(0x0000000588700000,0x0000000588800000) (1024K)]
  0x000001bbdbacbfa0 JavaThread "Daemon health stats"               [_thread_blocked, id=53948, stack(0x0000000588e00000,0x0000000588f00000) (1024K)]
  0x000001bbdbb89980 JavaThread "Incoming local TCP Connector on port 49363"        [_thread_in_native, id=51304, stack(0x0000000588f00000,0x0000000589000000) (1024K)]
  0x000001bbdbbac480 JavaThread "Daemon periodic checks"            [_thread_blocked, id=34124, stack(0x0000000589000000,0x0000000589100000) (1024K)]
  0x000001bbdbc15d80 JavaThread "Daemon"                            [_thread_blocked, id=59104, stack(0x0000000589100000,0x0000000589200000) (1024K)]
  0x000001bbdbc16fc0 JavaThread "Handler for socket connection from /127.0.0.1:49363 to /127.0.0.1:49364"        [_thread_in_native, id=40340, stack(0x0000000589200000,0x0000000589300000) (1024K)]
  0x000001bbdbc60de0 JavaThread "Cancel handler"                    [_thread_blocked, id=42072, stack(0x0000000589300000,0x0000000589400000) (1024K)]
  0x000001bbdbc61c20 JavaThread "Daemon worker"                     [_thread_blocked, id=20672, stack(0x0000000589400000,0x0000000589500000) (1024K)]
  0x000001bbdbc66140 JavaThread "Asynchronous log dispatcher for DefaultDaemonConnection: socket connection from /127.0.0.1:49363 to /127.0.0.1:49364"        [_thread_blocked, id=7044, stack(0x0000000589500000,0x0000000589600000) (1024K)]
  0x000001bbdbc7d2a0 JavaThread "Stdin handler"                     [_thread_blocked, id=31300, stack(0x0000000589600000,0x0000000589700000) (1024K)]
  0x000001bbdbc79e20 JavaThread "Daemon client event forwarder"        [_thread_blocked, id=48592, stack(0x0000000589700000,0x0000000589800000) (1024K)]
  0x000001bbdbc7a4b0 JavaThread "Cache worker for journal cache (D:\Apps\cineversemvicleanarchitecture\.gradle\caches\journal-1)"        [_thread_blocked, id=55800, stack(0x0000000589800000,0x0000000589900000) (1024K)]
  0x000001bbdbc7bef0 JavaThread "File lock request listener"        [_thread_in_native, id=52804, stack(0x0000000589900000,0x0000000589a00000) (1024K)]
  0x000001bbdbc7cc10 JavaThread "Cache worker for file hash cache (D:\Apps\cineversemvicleanarchitecture\.gradle\caches\9.6.1\fileHashes)"        [_thread_blocked, id=30260, stack(0x0000000589a00000,0x0000000589b00000) (1024K)]
  0x000001bbdbc7ab40 JavaThread "Cache worker for file hash cache (D:\Apps\cineversemvicleanarchitecture\.gradle\9.6.1\fileHashes)"        [_thread_blocked, id=55624, stack(0x0000000589e00000,0x0000000589f00000) (1024K)]
  0x000001bbdbc7b1d0 JavaThread "Cache worker for Build Output Cleanup Cache (D:\Apps\cineversemvicleanarchitecture\.gradle\buildOutputCleanup)"        [_thread_blocked, id=52860, stack(0x0000000589f00000,0x000000058a000000) (1024K)]
  0x000001bbdbc7c580 JavaThread "File watcher server"        daemon [_thread_blocked, id=57628, stack(0x000000058a000000,0x000000058a100000) (1024K)]
  0x000001bbdbc7b860 JavaThread "File watcher consumer"      daemon [_thread_blocked, id=48796, stack(0x000000058a100000,0x000000058a200000) (1024K)]
  0x000001bbdc6ff070 JavaThread "Cache worker for file content cache (D:\Apps\cineversemvicleanarchitecture\.gradle\caches\9.6.1\fileContent)"        [_thread_blocked, id=51964, stack(0x000000058a200000,0x000000058a300000) (1024K)]
  0x000001bbdc6ff700 JavaThread "Cache worker for checksums cache (D:\Apps\cineversemvicleanarchitecture\.gradle\9.6.1\checksums)"        [_thread_blocked, id=16596, stack(0x000000058a300000,0x000000058a400000) (1024K)]
  0x000001bbdc6fe9e0 JavaThread "Cache worker for cache directory md-supplier (D:\Apps\cineversemvicleanarchitecture\.gradle\caches\9.6.1\md-supplier)"        [_thread_blocked, id=51388, stack(0x000000058a400000,0x000000058a500000) (1024K)]
  0x000001bbdc6fe350 JavaThread "Cache worker for cache directory md-rule (D:\Apps\cineversemvicleanarchitecture\.gradle\caches\9.6.1\md-rule)"        [_thread_blocked, id=54796, stack(0x000000058a500000,0x000000058a600000) (1024K)]
  0x000001bbdc6ffd90 JavaThread "Build operations"                  [_thread_blocked, id=56640, stack(0x000000058a600000,0x000000058a700000) (1024K)]
  0x000001bbdc700ab0 JavaThread "Memory manager"                    [_thread_blocked, id=57364, stack(0x000000058a700000,0x000000058a800000) (1024K)]
  0x000001bbdc6fdcc0 JavaThread "build event listener"              [_thread_blocked, id=54856, stack(0x000000058a800000,0x000000058a900000) (1024K)]
  0x000001bbdc7038a0 JavaThread "build event listener"              [_thread_blocked, id=51828, stack(0x000000058a900000,0x000000058aa00000) (1024K)]
  0x000001bbdc7024f0 JavaThread "included builds"                   [_thread_blocked, id=52212, stack(0x000000058aa00000,0x000000058ab00000) (1024K)]
  0x000001bbdde9dab0 JavaThread "Cache worker for execution history cache (D:\Apps\cineversemvicleanarchitecture\.gradle\9.6.1\executionHistory)"        [_thread_blocked, id=60388, stack(0x000000058ab00000,0x000000058ac00000) (1024K)]
  0x000001bbdde9e7d0 JavaThread "WorkerExecutor Queue"              [_thread_blocked, id=7524, stack(0x0000000588500000,0x0000000588600000) (1024K)]
  0x000001bbdde9ee60 JavaThread "DefaultDispatcher-worker-1" daemon [_thread_blocked, id=41248, stack(0x0000000588d00000,0x0000000588e00000) (1024K)]
  0x000001bbdde9f4f0 JavaThread "DefaultDispatcher-worker-2" daemon [_thread_blocked, id=47292, stack(0x000000058ac00000,0x000000058ad00000) (1024K)]
  0x000001bbdde9c070 JavaThread "DefaultDispatcher-worker-3" daemon [_thread_blocked, id=52540, stack(0x000000058ad00000,0x000000058ae00000) (1024K)]
  0x000001bbdde9cd90 JavaThread "Periodic tasks thread"      daemon [_thread_blocked, id=58340, stack(0x000000058b000000,0x000000058b100000) (1024K)]
  0x000001bbddea3690 JavaThread "ApplicationImpl pooled thread 1"        [_thread_blocked, id=2500, stack(0x000000058b100000,0x000000058b200000) (1024K)]
  0x000001bbe4ce0830 JavaThread "ForkJoinPool.commonPool-worker-1" daemon [_thread_blocked, id=59404, stack(0x000000058b200000,0x000000058b300000) (1024K)]
  0x000001bbe4ce0ec0 JavaThread "Java2D Disposer"            daemon [_thread_blocked, id=9688, stack(0x000000058b300000,0x000000058b400000) (1024K)]
  0x000001bbdaa7ec00 JavaThread "AWT-Windows"                daemon [_thread_in_native, id=17780, stack(0x000000058b500000,0x000000058b600000) (1024K)]
  0x000001bbdaa7dee0 JavaThread "ForkJoinPool.commonPool-worker-2" daemon [_thread_blocked, id=54948, stack(0x000000058b600000,0x000000058b700000) (1024K)]
  0x000001bbef2af410 JavaThread "ForkJoinPool.commonPool-worker-4" daemon [_thread_blocked, id=57268, stack(0x000000058b800000,0x000000058b900000) (1024K)]
  0x000001bbef13b080 JavaThread "pool-3-thread-1"                   [_thread_blocked, id=9500, stack(0x000000058ae00000,0x000000058af00000) (1024K)]
  0x000001bbef2b07c0 JavaThread "RMI Scheduler(0)"           daemon [_thread_blocked, id=51392, stack(0x0000000588400000,0x0000000588500000) (1024K)]
  0x000001bbef2b1b70 JavaThread "RMI RenewClean-[127.0.0.1:17691,org.jetbrains.kotlin.daemon.common.LoopbackNetworkInterface$ClientLoopbackSocketFactory@6aaae51c]" daemon [_thread_blocked, id=49508, stack(0x000000058af00000,0x000000058b000000) (1024K)]
  0x000001bbef2afaa0 JavaThread "RMI GC Daemon"              daemon [_thread_blocked, id=11552, stack(0x000000058b900000,0x000000058ba00000) (1024K)]
  0x000001bbef2b0130 JavaThread "RMI TCP Accept-0"           daemon [_thread_in_native, id=57080, stack(0x000000058bc00000,0x000000058bd00000) (1024K)]
  0x000001bbef2aed80 JavaThread "RMI Reaper"                        [_thread_blocked, id=45764, stack(0x000000058bd00000,0x000000058be00000) (1024K)]
  0x000001bbef2b4960 JavaThread "RMI TCP Connection(idle)"   daemon [_thread_blocked, id=50364, stack(0x000000058be00000,0x000000058bf00000) (1024K)]
  0x000001bbedb31fe0 JavaThread "C1 CompilerThread1"         daemon [_thread_blocked, id=54192, stack(0x0000000587400000,0x0000000587500000) (1024K)]
  0x000001bbedb33450 JavaThread "C1 CompilerThread2"         daemon [_thread_blocked, id=28544, stack(0x000000058ba00000,0x000000058bb00000) (1024K)]
  0x000001bbef50c280 JavaThread "C1 CompilerThread3"         daemon [_thread_blocked, id=52268, stack(0x000000058bb00000,0x000000058bc00000) (1024K)]
Total: 58

Other Threads:
=>0x000001bbd56e0820 VMThread "VM Thread"                           [id=19368, stack(0x0000000587c00000,0x0000000587d00000) (1024K)]
  0x000001bbd56d0010 WatcherThread "VM Periodic Task Thread"        [id=55204, stack(0x0000000587b00000,0x0000000587c00000) (1024K)]
  0x000001bbc604bcf0 WorkerThread "GC Thread#0"                     [id=48948, stack(0x0000000587600000,0x0000000587700000) (1024K)]
  0x000001bbda794860 WorkerThread "GC Thread#1"                     [id=54384, stack(0x0000000588800000,0x0000000588900000) (1024K)]
  0x000001bbda794c00 WorkerThread "GC Thread#2"                     [id=49604, stack(0x0000000588900000,0x0000000588a00000) (1024K)]
  0x000001bbda794fa0 WorkerThread "GC Thread#3"                     [id=55824, stack(0x0000000588a00000,0x0000000588b00000) (1024K)]
  0x000001bbda7b1f10 WorkerThread "GC Thread#4"                     [id=47840, stack(0x0000000588b00000,0x0000000588c00000) (1024K)]
  0x000001bbda7bc310 WorkerThread "GC Thread#5"                     [id=54336, stack(0x0000000588c00000,0x0000000588d00000) (1024K)]
  0x000001bbdbe3d6d0 WorkerThread "GC Thread#6"                     [id=57356, stack(0x0000000589b00000,0x0000000589c00000) (1024K)]
  0x000001bbdbe3e1b0 WorkerThread "GC Thread#7"                     [id=52516, stack(0x0000000589c00000,0x0000000589d00000) (1024K)]
  0x000001bbc3e0e230 ConcurrentGCThread "G1 Main Marker"            [id=45512, stack(0x0000000587700000,0x0000000587800000) (1024K)]
  0x000001bbc6052fb0 WorkerThread "G1 Conc#0"                       [id=57140, stack(0x0000000587800000,0x0000000587900000) (1024K)]
  0x000001bbdbe3e8f0 WorkerThread "G1 Conc#1"                       [id=38204, stack(0x0000000589d00000,0x0000000589e00000) (1024K)]
  0x000001bbd559b230 ConcurrentGCThread "G1 Refine#0"               [id=53412, stack(0x0000000587900000,0x0000000587a00000) (1024K)]
  0x000001bbd559ca60 ConcurrentGCThread "G1 Service"                [id=33584, stack(0x0000000587a00000,0x0000000587b00000) (1024K)]
Total: 15

Threads with active compile tasks:
C1 CompilerThread1  96294 41574       1       org.jetbrains.kotlin.fir.backend.jvm.FirJvmSerializerExtension::serializeAnnotations (150 bytes)
Total: 1

VM state: at safepoint (normal execution)

VM Mutex/Monitor currently owned by a thread:  ([mutex/lock_event])
[0x00007ffbed42e308] Threads_lock - owner thread: 0x000001bbd56e0820
[0x00007ffbed42e408] Heap_lock - owner thread: 0x000001bbc3e0e230

Heap address: 0x00000000c0000000, size: 1024 MB, Compressed Oops mode: 32-bit

CDS archive(s) mapped at: [0x000001bb80000000-0x000001bb80c80000-0x000001bb80c80000), size 13107200, SharedBaseAddress: 0x000001bb80000000, ArchiveRelocationMode: 1.
Compressed class space mapped at: 0x000001bb81000000-0x000001bbc1000000, reserved size: 1073741824
Narrow klass base: 0x000001bb80000000, Narrow klass shift: 0, Narrow klass range: 0x100000000

GC Precious Log:
 CardTable entry size: 512
 Card Set container configuration: InlinePtr #cards 5 size 8 Array Of Cards #cards 12 size 40 Howl #buckets 4 coarsen threshold 1843 Howl Bitmap #cards 512 size 80 coarsen threshold 460 Card regions per heap region 1 cards per card region 2048
 CPUs: 8 total, 8 available
 Memory: 16106M
 Large Page Support: Disabled
 NUMA Support: Disabled
 Compressed Oops: Enabled (32-bit)
 Heap Region Size: 1M
 Heap Min Capacity: 8M
 Heap Initial Capacity: 252M
 Heap Max Capacity: 1G
 Pre-touch: Disabled
 Parallel Workers: 8
 Concurrent Workers: 2
 Concurrent Refinement Workers: 8
 Periodic GC: Disabled

Heap:
 garbage-first heap   total 439296K, used 277770K [0x00000000c0000000, 0x0000000100000000)
  region size 1024K, 21 young (21504K), 8 survivors (8192K)
 Metaspace       used 235417K, committed 238272K, reserved 1310720K
  class space    used 31599K, committed 32960K, reserved 1048576K

Heap Regions: E=young(eden), S=young(survivor), O=old, HS=humongous(starts), HC=humongous(continues), CS=collection set, F=free, TAMS=top-at-mark-start, PB=parsable bottom
|   0|0x00000000c0000000, 0x00000000c0100000, 0x00000000c0100000|100%|HS|  |TAMS 0x00000000c0100000| PB 0x00000000c0000000| Complete 
|   1|0x00000000c0100000, 0x00000000c0200000, 0x00000000c0200000|100%|HC|  |TAMS 0x00000000c0200000| PB 0x00000000c0100000| Complete 
|   2|0x00000000c0200000, 0x00000000c0300000, 0x00000000c0300000|100%|HC|  |TAMS 0x00000000c0300000| PB 0x00000000c0200000| Complete 
|   3|0x00000000c0300000, 0x00000000c0400000, 0x00000000c0400000|100%|HC|  |TAMS 0x00000000c0400000| PB 0x00000000c0300000| Complete 
|   4|0x00000000c0400000, 0x00000000c0500000, 0x00000000c0500000|100%| O|  |TAMS 0x00000000c0500000| PB 0x00000000c0500000| Untracked 
|   5|0x00000000c0500000, 0x00000000c0600000, 0x00000000c0600000|100%| O|  |TAMS 0x00000000c0600000| PB 0x00000000c0600000| Updating 
|   6|0x00000000c0600000, 0x00000000c0700000, 0x00000000c0700000|100%| O|  |TAMS 0x00000000c0700000| PB 0x00000000c0700000| Untracked 
|   7|0x00000000c0700000, 0x00000000c0800000, 0x00000000c0800000|100%| O|  |TAMS 0x00000000c0800000| PB 0x00000000c0800000| Untracked 
|   8|0x00000000c0800000, 0x00000000c0900000, 0x00000000c0900000|100%| O|  |TAMS 0x00000000c0900000| PB 0x00000000c0900000| Untracked 
|   9|0x00000000c0900000, 0x00000000c0a00000, 0x00000000c0a00000|100%| O|  |TAMS 0x00000000c0a00000| PB 0x00000000c0a00000| Untracked 
|  10|0x00000000c0a00000, 0x00000000c0b00000, 0x00000000c0b00000|100%| O|  |TAMS 0x00000000c0b00000| PB 0x00000000c0b00000| Untracked 
|  11|0x00000000c0b00000, 0x00000000c0c00000, 0x00000000c0c00000|100%|HS|  |TAMS 0x00000000c0c00000| PB 0x00000000c0b00000| Complete 
|  12|0x00000000c0c00000, 0x00000000c0d00000, 0x00000000c0d00000|100%|HS|  |TAMS 0x00000000c0d00000| PB 0x00000000c0c00000| Complete 
|  13|0x00000000c0d00000, 0x00000000c0e00000, 0x00000000c0e00000|100%| O|  |TAMS 0x00000000c0e00000| PB 0x00000000c0e00000| Untracked 
|  14|0x00000000c0e00000, 0x00000000c0f00000, 0x00000000c0f00000|100%| O|  |TAMS 0x00000000c0f00000| PB 0x00000000c0f00000| Updating 
|  15|0x00000000c0f00000, 0x00000000c1000000, 0x00000000c1000000|100%| O|  |TAMS 0x00000000c1000000| PB 0x00000000c1000000| Untracked 
|  16|0x00000000c1000000, 0x00000000c1100000, 0x00000000c1100000|100%| O|  |TAMS 0x00000000c1100000| PB 0x00000000c1100000| Untracked 
|  17|0x00000000c1100000, 0x00000000c1200000, 0x00000000c1200000|100%| O|  |TAMS 0x00000000c1200000| PB 0x00000000c1200000| Updating 
|  18|0x00000000c1200000, 0x00000000c1300000, 0x00000000c1300000|100%| O|  |TAMS 0x00000000c1300000| PB 0x00000000c1300000| Untracked 
|  19|0x00000000c1300000, 0x00000000c1400000, 0x00000000c1400000|100%| O|  |TAMS 0x00000000c1400000| PB 0x00000000c1400000| Untracked 
|  20|0x00000000c1400000, 0x00000000c1500000, 0x00000000c1500000|100%| O|  |TAMS 0x00000000c1500000| PB 0x00000000c1500000| Untracked 
|  21|0x00000000c1500000, 0x00000000c1600000, 0x00000000c1600000|100%| O|  |TAMS 0x00000000c1600000| PB 0x00000000c1600000| Untracked 
|  22|0x00000000c1600000, 0x00000000c1700000, 0x00000000c1700000|100%| O|  |TAMS 0x00000000c1700000| PB 0x00000000c1700000| Untracked 
|  23|0x00000000c1700000, 0x00000000c1800000, 0x00000000c1800000|100%| O|  |TAMS 0x00000000c1800000| PB 0x00000000c1800000| Untracked 
|  24|0x00000000c1800000, 0x00000000c1900000, 0x00000000c1900000|100%| O|  |TAMS 0x00000000c1900000| PB 0x00000000c1900000| Updating 
|  25|0x00000000c1900000, 0x00000000c1a00000, 0x00000000c1a00000|100%| O|  |TAMS 0x00000000c1a00000| PB 0x00000000c1a00000| Untracked 
|  26|0x00000000c1a00000, 0x00000000c1b00000, 0x00000000c1b00000|100%| O|  |TAMS 0x00000000c1b00000| PB 0x00000000c1b00000| Untracked 
|  27|0x00000000c1b00000, 0x00000000c1c00000, 0x00000000c1c00000|100%| O|  |TAMS 0x00000000c1c00000| PB 0x00000000c1c00000| Untracked 
|  28|0x00000000c1c00000, 0x00000000c1d00000, 0x00000000c1d00000|100%| O|  |TAMS 0x00000000c1d00000| PB 0x00000000c1d00000| Untracked 
|  29|0x00000000c1d00000, 0x00000000c1e00000, 0x00000000c1e00000|100%| O|  |TAMS 0x00000000c1e00000| PB 0x00000000c1e00000| Untracked 
|  30|0x00000000c1e00000, 0x00000000c1f00000, 0x00000000c1f00000|100%| O|  |TAMS 0x00000000c1f00000| PB 0x00000000c1f00000| Untracked 
|  31|0x00000000c1f00000, 0x00000000c2000000, 0x00000000c2000000|100%| O|  |TAMS 0x00000000c2000000| PB 0x00000000c2000000| Untracked 
|  32|0x00000000c2000000, 0x00000000c2100000, 0x00000000c2100000|100%|HS|  |TAMS 0x00000000c2100000| PB 0x00000000c2000000| Complete 
|  33|0x00000000c2100000, 0x00000000c2200000, 0x00000000c2200000|100%|HS|  |TAMS 0x00000000c2200000| PB 0x00000000c2100000| Complete 
|  34|0x00000000c2200000, 0x00000000c2300000, 0x00000000c2300000|100%|HC|  |TAMS 0x00000000c2300000| PB 0x00000000c2200000| Complete 
|  35|0x00000000c2300000, 0x00000000c2400000, 0x00000000c2400000|100%|HS|  |TAMS 0x00000000c2400000| PB 0x00000000c2300000| Complete 
|  36|0x00000000c2400000, 0x00000000c2500000, 0x00000000c2500000|100%|HS|  |TAMS 0x00000000c2500000| PB 0x00000000c2400000| Complete 
|  37|0x00000000c2500000, 0x00000000c2600000, 0x00000000c2600000|100%|HS|  |TAMS 0x00000000c2600000| PB 0x00000000c2500000| Complete 
|  38|0x00000000c2600000, 0x00000000c2700000, 0x00000000c2700000|100%| O|  |TAMS 0x00000000c2700000| PB 0x00000000c2700000| Untracked 
|  39|0x00000000c2700000, 0x00000000c2800000, 0x00000000c2800000|100%|HS|  |TAMS 0x00000000c2800000| PB 0x00000000c2700000| Complete 
|  40|0x00000000c2800000, 0x00000000c2900000, 0x00000000c2900000|100%|HS|  |TAMS 0x00000000c2900000| PB 0x00000000c2800000| Complete 
|  41|0x00000000c2900000, 0x00000000c2a00000, 0x00000000c2a00000|100%|HS|  |TAMS 0x00000000c2a00000| PB 0x00000000c2900000| Complete 
|  42|0x00000000c2a00000, 0x00000000c2b00000, 0x00000000c2b00000|100%| O|  |TAMS 0x00000000c2b00000| PB 0x00000000c2b00000| Untracked 
|  43|0x00000000c2b00000, 0x00000000c2c00000, 0x00000000c2c00000|100%| O|  |TAMS 0x00000000c2c00000| PB 0x00000000c2c00000| Untracked 
|  44|0x00000000c2c00000, 0x00000000c2d00000, 0x00000000c2d00000|100%| O|  |TAMS 0x00000000c2d00000| PB 0x00000000c2d00000| Untracked 
|  45|0x00000000c2d00000, 0x00000000c2e00000, 0x00000000c2e00000|100%| O|  |TAMS 0x00000000c2e00000| PB 0x00000000c2e00000| Untracked 
|  46|0x00000000c2e00000, 0x00000000c2f00000, 0x00000000c2f00000|100%| O|  |TAMS 0x00000000c2f00000| PB 0x00000000c2f00000| Updating 
|  47|0x00000000c2f00000, 0x00000000c3000000, 0x00000000c3000000|100%|HS|  |TAMS 0x00000000c3000000| PB 0x00000000c2f00000| Complete 
|  48|0x00000000c3000000, 0x00000000c3100000, 0x00000000c3100000|100%|HC|  |TAMS 0x00000000c3100000| PB 0x00000000c3000000| Complete 
|  49|0x00000000c3100000, 0x00000000c3200000, 0x00000000c3200000|100%| O|  |TAMS 0x00000000c3200000| PB 0x00000000c3200000| Untracked 
|  50|0x00000000c3200000, 0x00000000c3300000, 0x00000000c3300000|100%| O|  |TAMS 0x00000000c3300000| PB 0x00000000c3300000| Untracked 
|  51|0x00000000c3300000, 0x00000000c3400000, 0x00000000c3400000|100%| O|  |TAMS 0x00000000c3400000| PB 0x00000000c3400000| Untracked 
|  52|0x00000000c3400000, 0x00000000c3500000, 0x00000000c3500000|100%| O|  |TAMS 0x00000000c3500000| PB 0x00000000c3500000| Updating 
|  53|0x00000000c3500000, 0x00000000c3600000, 0x00000000c3600000|100%| O|  |TAMS 0x00000000c3600000| PB 0x00000000c3600000| Updating 
|  54|0x00000000c3600000, 0x00000000c3700000, 0x00000000c3700000|100%| O|  |TAMS 0x00000000c3700000| PB 0x00000000c3700000| Untracked 
|  55|0x00000000c3700000, 0x00000000c3800000, 0x00000000c3800000|100%| O|  |TAMS 0x00000000c3800000| PB 0x00000000c3800000| Untracked 
|  56|0x00000000c3800000, 0x00000000c3900000, 0x00000000c3900000|100%| O|  |TAMS 0x00000000c3900000| PB 0x00000000c3900000| Untracked 
|  57|0x00000000c3900000, 0x00000000c3a00000, 0x00000000c3a00000|100%| O|  |TAMS 0x00000000c3a00000| PB 0x00000000c3a00000| Untracked 
|  58|0x00000000c3a00000, 0x00000000c3b00000, 0x00000000c3b00000|100%|HS|  |TAMS 0x00000000c3b00000| PB 0x00000000c3a00000| Complete 
|  59|0x00000000c3b00000, 0x00000000c3c00000, 0x00000000c3c00000|100%| O|  |TAMS 0x00000000c3c00000| PB 0x00000000c3c00000| Updating 
|  60|0x00000000c3c00000, 0x00000000c3d00000, 0x00000000c3d00000|100%| O|  |TAMS 0x00000000c3d00000| PB 0x00000000c3d00000| Untracked 
|  61|0x00000000c3d00000, 0x00000000c3e00000, 0x00000000c3e00000|100%| O|  |TAMS 0x00000000c3e00000| PB 0x00000000c3e00000| Untracked 
|  62|0x00000000c3e00000, 0x00000000c3f00000, 0x00000000c3f00000|100%| O|  |TAMS 0x00000000c3f00000| PB 0x00000000c3f00000| Untracked 
|  63|0x00000000c3f00000, 0x00000000c4000000, 0x00000000c4000000|100%| O|  |TAMS 0x00000000c4000000| PB 0x00000000c4000000| Updating 
|  64|0x00000000c4000000, 0x00000000c4100000, 0x00000000c4100000|100%| O|  |TAMS 0x00000000c4100000| PB 0x00000000c4100000| Untracked 
|  65|0x00000000c4100000, 0x00000000c4200000, 0x00000000c4200000|100%| O|  |TAMS 0x00000000c4200000| PB 0x00000000c4200000| Untracked 
|  66|0x00000000c4200000, 0x00000000c4300000, 0x00000000c4300000|100%| O|  |TAMS 0x00000000c4300000| PB 0x00000000c4300000| Untracked 
|  67|0x00000000c4300000, 0x00000000c4400000, 0x00000000c4400000|100%| O|  |TAMS 0x00000000c4400000| PB 0x00000000c4400000| Updating 
|  68|0x00000000c4400000, 0x00000000c4500000, 0x00000000c4500000|100%| O|  |TAMS 0x00000000c4500000| PB 0x00000000c4500000| Untracked 
|  69|0x00000000c4500000, 0x00000000c4600000, 0x00000000c4600000|100%| O|  |TAMS 0x00000000c4600000| PB 0x00000000c4600000| Untracked 
|  70|0x00000000c4600000, 0x00000000c4700000, 0x00000000c4700000|100%| O|  |TAMS 0x00000000c4700000| PB 0x00000000c4700000| Updating 
|  71|0x00000000c4700000, 0x00000000c4800000, 0x00000000c4800000|100%| O|  |TAMS 0x00000000c4800000| PB 0x00000000c4800000| Untracked 
|  72|0x00000000c4800000, 0x00000000c4900000, 0x00000000c4900000|100%| O|  |TAMS 0x00000000c4900000| PB 0x00000000c4900000| Untracked 
|  73|0x00000000c4900000, 0x00000000c4a00000, 0x00000000c4a00000|100%| O|  |TAMS 0x00000000c4a00000| PB 0x00000000c4a00000| Untracked 
|  74|0x00000000c4a00000, 0x00000000c4b00000, 0x00000000c4b00000|100%| O|  |TAMS 0x00000000c4b00000| PB 0x00000000c4b00000| Untracked 
|  75|0x00000000c4b00000, 0x00000000c4c00000, 0x00000000c4c00000|100%| O|  |TAMS 0x00000000c4c00000| PB 0x00000000c4c00000| Untracked 
|  76|0x00000000c4c00000, 0x00000000c4d00000, 0x00000000c4d00000|100%| O|  |TAMS 0x00000000c4d00000| PB 0x00000000c4d00000| Untracked 
|  77|0x00000000c4d00000, 0x00000000c4e00000, 0x00000000c4e00000|100%| O|  |TAMS 0x00000000c4e00000| PB 0x00000000c4e00000| Updating 
|  78|0x00000000c4e00000, 0x00000000c4f00000, 0x00000000c4f00000|100%| O|  |TAMS 0x00000000c4f00000| PB 0x00000000c4f00000| Untracked 
|  79|0x00000000c4f00000, 0x00000000c5000000, 0x00000000c5000000|100%| O|  |TAMS 0x00000000c5000000| PB 0x00000000c5000000| Untracked 
|  80|0x00000000c5000000, 0x00000000c5100000, 0x00000000c5100000|100%| O|  |TAMS 0x00000000c5100000| PB 0x00000000c5100000| Untracked 
|  81|0x00000000c5100000, 0x00000000c5200000, 0x00000000c5200000|100%| O|  |TAMS 0x00000000c5200000| PB 0x00000000c5200000| Updating 
|  82|0x00000000c5200000, 0x00000000c5300000, 0x00000000c5300000|100%| O|  |TAMS 0x00000000c5300000| PB 0x00000000c5300000| Untracked 
|  83|0x00000000c5300000, 0x00000000c5400000, 0x00000000c5400000|100%| O|  |TAMS 0x00000000c5400000| PB 0x00000000c5400000| Updating 
|  84|0x00000000c5400000, 0x00000000c5500000, 0x00000000c5500000|100%| O|  |TAMS 0x00000000c5500000| PB 0x00000000c5500000| Updating 
|  85|0x00000000c5500000, 0x00000000c5600000, 0x00000000c5600000|100%| O|  |TAMS 0x00000000c5600000| PB 0x00000000c5600000| Updating 
|  86|0x00000000c5600000, 0x00000000c5700000, 0x00000000c5700000|100%| O|  |TAMS 0x00000000c5700000| PB 0x00000000c5700000| Updating 
|  87|0x00000000c5700000, 0x00000000c5800000, 0x00000000c5800000|100%| O|  |TAMS 0x00000000c5800000| PB 0x00000000c5800000| Untracked 
|  88|0x00000000c5800000, 0x00000000c5900000, 0x00000000c5900000|100%| O|  |TAMS 0x00000000c5900000| PB 0x00000000c5900000| Updating 
|  89|0x00000000c5900000, 0x00000000c5a00000, 0x00000000c5a00000|100%| O|  |TAMS 0x00000000c5a00000| PB 0x00000000c5a00000| Updating 
|  90|0x00000000c5a00000, 0x00000000c5b00000, 0x00000000c5b00000|100%| O|  |TAMS 0x00000000c5b00000| PB 0x00000000c5b00000| Untracked 
|  91|0x00000000c5b00000, 0x00000000c5c00000, 0x00000000c5c00000|100%| O|  |TAMS 0x00000000c5c00000| PB 0x00000000c5c00000| Updating 
|  92|0x00000000c5c00000, 0x00000000c5d00000, 0x00000000c5d00000|100%| O|  |TAMS 0x00000000c5d00000| PB 0x00000000c5d00000| Updating 
|  93|0x00000000c5d00000, 0x00000000c5e00000, 0x00000000c5e00000|100%|HS|  |TAMS 0x00000000c5e00000| PB 0x00000000c5d00000| Complete 
|  94|0x00000000c5e00000, 0x00000000c5f00000, 0x00000000c5f00000|100%|HC|  |TAMS 0x00000000c5f00000| PB 0x00000000c5e00000| Complete 
|  95|0x00000000c5f00000, 0x00000000c6000000, 0x00000000c6000000|100%|HC|  |TAMS 0x00000000c6000000| PB 0x00000000c5f00000| Complete 
|  96|0x00000000c6000000, 0x00000000c6100000, 0x00000000c6100000|100%|HC|  |TAMS 0x00000000c6100000| PB 0x00000000c6000000| Complete 
|  97|0x00000000c6100000, 0x00000000c6200000, 0x00000000c6200000|100%|HC|  |TAMS 0x00000000c6200000| PB 0x00000000c6100000| Complete 
|  98|0x00000000c6200000, 0x00000000c6300000, 0x00000000c6300000|100%| O|  |TAMS 0x00000000c6300000| PB 0x00000000c6300000| Updating 
|  99|0x00000000c6300000, 0x00000000c6400000, 0x00000000c6400000|100%| O|  |TAMS 0x00000000c6400000| PB 0x00000000c6400000| Untracked 
| 100|0x00000000c6400000, 0x00000000c6500000, 0x00000000c6500000|100%| O|  |TAMS 0x00000000c6500000| PB 0x00000000c6500000| Updating 
| 101|0x00000000c6500000, 0x00000000c6600000, 0x00000000c6600000|100%| O|  |TAMS 0x00000000c6600000| PB 0x00000000c6600000| Untracked 
| 102|0x00000000c6600000, 0x00000000c6700000, 0x00000000c6700000|100%| O|  |TAMS 0x00000000c6700000| PB 0x00000000c6700000| Untracked 
| 103|0x00000000c6700000, 0x00000000c6800000, 0x00000000c6800000|100%| O|  |TAMS 0x00000000c6800000| PB 0x00000000c6800000| Untracked 
| 104|0x00000000c6800000, 0x00000000c6900000, 0x00000000c6900000|100%| O|  |TAMS 0x00000000c6900000| PB 0x00000000c6900000| Untracked 
| 105|0x00000000c6900000, 0x00000000c6a00000, 0x00000000c6a00000|100%| O|  |TAMS 0x00000000c6a00000| PB 0x00000000c6a00000| Updating 
| 106|0x00000000c6a00000, 0x00000000c6b00000, 0x00000000c6b00000|100%|HS|  |TAMS 0x00000000c6b00000| PB 0x00000000c6a00000| Complete 
| 107|0x00000000c6b00000, 0x00000000c6c00000, 0x00000000c6c00000|100%| O|  |TAMS 0x00000000c6c00000| PB 0x00000000c6c00000| Updating 
| 108|0x00000000c6c00000, 0x00000000c6d00000, 0x00000000c6d00000|100%| O|  |TAMS 0x00000000c6d00000| PB 0x00000000c6d00000| Updating 
| 109|0x00000000c6d00000, 0x00000000c6e00000, 0x00000000c6e00000|100%| O|  |TAMS 0x00000000c6e00000| PB 0x00000000c6e00000| Updating 
| 110|0x00000000c6e00000, 0x00000000c6f00000, 0x00000000c6f00000|100%| O|  |TAMS 0x00000000c6f00000| PB 0x00000000c6f00000| Updating 
| 111|0x00000000c6f00000, 0x00000000c7000000, 0x00000000c7000000|100%| O|  |TAMS 0x00000000c7000000| PB 0x00000000c7000000| Updating 
| 112|0x00000000c7000000, 0x00000000c7100000, 0x00000000c7100000|100%| O|  |TAMS 0x00000000c7100000| PB 0x00000000c7100000| Updating 
| 113|0x00000000c7100000, 0x00000000c7200000, 0x00000000c7200000|100%| O|  |TAMS 0x00000000c7200000| PB 0x00000000c7200000| Updating 
| 114|0x00000000c7200000, 0x00000000c7300000, 0x00000000c7300000|100%| O|  |TAMS 0x00000000c7300000| PB 0x00000000c7300000| Updating 
| 115|0x00000000c7300000, 0x00000000c7400000, 0x00000000c7400000|100%| O|  |TAMS 0x00000000c7400000| PB 0x00000000c7400000| Updating 
| 116|0x00000000c7400000, 0x00000000c7500000, 0x00000000c7500000|100%| O|  |TAMS 0x00000000c7500000| PB 0x00000000c7500000| Untracked 
| 117|0x00000000c7500000, 0x00000000c7600000, 0x00000000c7600000|100%| O|  |TAMS 0x00000000c7600000| PB 0x00000000c7600000| Untracked 
| 118|0x00000000c7600000, 0x00000000c7700000, 0x00000000c7700000|100%| O|  |TAMS 0x00000000c7700000| PB 0x00000000c7700000| Untracked 
| 119|0x00000000c7700000, 0x00000000c7800000, 0x00000000c7800000|100%| O|  |TAMS 0x00000000c7800000| PB 0x00000000c7800000| Untracked 
| 120|0x00000000c7800000, 0x00000000c7900000, 0x00000000c7900000|100%| O|  |TAMS 0x00000000c7900000| PB 0x00000000c7900000| Untracked 
| 121|0x00000000c7900000, 0x00000000c7a00000, 0x00000000c7a00000|100%| O|  |TAMS 0x00000000c7a00000| PB 0x00000000c7a00000| Untracked 
| 122|0x00000000c7a00000, 0x00000000c7b00000, 0x00000000c7b00000|100%| O|  |TAMS 0x00000000c7b00000| PB 0x00000000c7b00000| Untracked 
| 123|0x00000000c7b00000, 0x00000000c7c00000, 0x00000000c7c00000|100%| O|  |TAMS 0x00000000c7c00000| PB 0x00000000c7c00000| Untracked 
| 124|0x00000000c7c00000, 0x00000000c7d00000, 0x00000000c7d00000|100%| O|  |TAMS 0x00000000c7d00000| PB 0x00000000c7d00000| Untracked 
| 125|0x00000000c7d00000, 0x00000000c7e00000, 0x00000000c7e00000|100%| O|  |TAMS 0x00000000c7e00000| PB 0x00000000c7e00000| Untracked 
| 126|0x00000000c7e00000, 0x00000000c7f00000, 0x00000000c7f00000|100%| O|  |TAMS 0x00000000c7f00000| PB 0x00000000c7f00000| Untracked 
| 127|0x00000000c7f00000, 0x00000000c8000000, 0x00000000c8000000|100%| O|  |TAMS 0x00000000c8000000| PB 0x00000000c8000000| Untracked 
| 128|0x00000000c8000000, 0x00000000c8100000, 0x00000000c8100000|100%| O|  |TAMS 0x00000000c8100000| PB 0x00000000c8100000| Untracked 
| 129|0x00000000c8100000, 0x00000000c8200000, 0x00000000c8200000|100%| O|  |TAMS 0x00000000c8200000| PB 0x00000000c8200000| Untracked 
| 130|0x00000000c8200000, 0x00000000c8300000, 0x00000000c8300000|100%| O|  |TAMS 0x00000000c8300000| PB 0x00000000c8300000| Untracked 
| 131|0x00000000c8300000, 0x00000000c8400000, 0x00000000c8400000|100%| O|  |TAMS 0x00000000c8400000| PB 0x00000000c8400000| Untracked 
| 132|0x00000000c8400000, 0x00000000c8500000, 0x00000000c8500000|100%| O|  |TAMS 0x00000000c8500000| PB 0x00000000c8500000| Untracked 
| 133|0x00000000c8500000, 0x00000000c8600000, 0x00000000c8600000|100%| O|  |TAMS 0x00000000c8600000| PB 0x00000000c8600000| Untracked 
| 134|0x00000000c8600000, 0x00000000c8700000, 0x00000000c8700000|100%| O|  |TAMS 0x00000000c8700000| PB 0x00000000c8700000| Updating 
| 135|0x00000000c8700000, 0x00000000c8800000, 0x00000000c8800000|100%| O|  |TAMS 0x00000000c8800000| PB 0x00000000c8800000| Untracked 
| 136|0x00000000c8800000, 0x00000000c8900000, 0x00000000c8900000|100%| O|  |TAMS 0x00000000c8900000| PB 0x00000000c8900000| Untracked 
| 137|0x00000000c8900000, 0x00000000c8a00000, 0x00000000c8a00000|100%| O|  |TAMS 0x00000000c8a00000| PB 0x00000000c8a00000| Untracked 
| 138|0x00000000c8a00000, 0x00000000c8b00000, 0x00000000c8b00000|100%| O|  |TAMS 0x00000000c8b00000| PB 0x00000000c8b00000| Untracked 
| 139|0x00000000c8b00000, 0x00000000c8c00000, 0x00000000c8c00000|100%| O|  |TAMS 0x00000000c8c00000| PB 0x00000000c8c00000| Updating 
| 140|0x00000000c8c00000, 0x00000000c8d00000, 0x00000000c8d00000|100%| O|  |TAMS 0x00000000c8d00000| PB 0x00000000c8d00000| Untracked 
| 141|0x00000000c8d00000, 0x00000000c8e00000, 0x00000000c8e00000|100%| O|  |TAMS 0x00000000c8e00000| PB 0x00000000c8e00000| Untracked 
| 142|0x00000000c8e00000, 0x00000000c8f00000, 0x00000000c8f00000|100%| O|  |TAMS 0x00000000c8f00000| PB 0x00000000c8f00000| Untracked 
| 143|0x00000000c8f00000, 0x00000000c9000000, 0x00000000c9000000|100%| O|  |TAMS 0x00000000c9000000| PB 0x00000000c9000000| Untracked 
| 144|0x00000000c9000000, 0x00000000c9100000, 0x00000000c9100000|100%| O|  |TAMS 0x00000000c9100000| PB 0x00000000c9100000| Untracked 
| 145|0x00000000c9100000, 0x00000000c9200000, 0x00000000c9200000|100%| O|  |TAMS 0x00000000c9200000| PB 0x00000000c9200000| Untracked 
| 146|0x00000000c9200000, 0x00000000c9300000, 0x00000000c9300000|100%| O|  |TAMS 0x00000000c9300000| PB 0x00000000c9300000| Updating 
| 147|0x00000000c9300000, 0x00000000c9400000, 0x00000000c9400000|100%| O|  |TAMS 0x00000000c9400000| PB 0x00000000c9400000| Updating 
| 148|0x00000000c9400000, 0x00000000c9500000, 0x00000000c9500000|100%| O|  |TAMS 0x00000000c9500000| PB 0x00000000c9500000| Untracked 
| 149|0x00000000c9500000, 0x00000000c9600000, 0x00000000c9600000|100%| O|  |TAMS 0x00000000c9600000| PB 0x00000000c9600000| Untracked 
| 150|0x00000000c9600000, 0x00000000c9700000, 0x00000000c9700000|100%| O|  |TAMS 0x00000000c9700000| PB 0x00000000c9700000| Updating 
| 151|0x00000000c9700000, 0x00000000c9800000, 0x00000000c9800000|100%| O|  |TAMS 0x00000000c9800000| PB 0x00000000c9800000| Updating 
| 152|0x00000000c9800000, 0x00000000c9900000, 0x00000000c9900000|100%| O|  |TAMS 0x00000000c9900000| PB 0x00000000c9900000| Untracked 
| 153|0x00000000c9900000, 0x00000000c9a00000, 0x00000000c9a00000|100%| O|  |TAMS 0x00000000c9a00000| PB 0x00000000c9a00000| Untracked 
| 154|0x00000000c9a00000, 0x00000000c9b00000, 0x00000000c9b00000|100%| O|  |TAMS 0x00000000c9b00000| PB 0x00000000c9b00000| Untracked 
| 155|0x00000000c9b00000, 0x00000000c9c00000, 0x00000000c9c00000|100%| O|  |TAMS 0x00000000c9c00000| PB 0x00000000c9c00000| Untracked 
| 156|0x00000000c9c00000, 0x00000000c9d00000, 0x00000000c9d00000|100%| O|  |TAMS 0x00000000c9d00000| PB 0x00000000c9d00000| Untracked 
| 157|0x00000000c9d00000, 0x00000000c9e00000, 0x00000000c9e00000|100%| O|  |TAMS 0x00000000c9e00000| PB 0x00000000c9e00000| Untracked 
| 158|0x00000000c9e00000, 0x00000000c9f00000, 0x00000000c9f00000|100%| O|  |TAMS 0x00000000c9f00000| PB 0x00000000c9f00000| Untracked 
| 159|0x00000000c9f00000, 0x00000000ca000000, 0x00000000ca000000|100%| O|  |TAMS 0x00000000ca000000| PB 0x00000000ca000000| Untracked 
| 160|0x00000000ca000000, 0x00000000ca100000, 0x00000000ca100000|100%| O|  |TAMS 0x00000000ca100000| PB 0x00000000ca100000| Untracked 
| 161|0x00000000ca100000, 0x00000000ca200000, 0x00000000ca200000|100%| O|  |TAMS 0x00000000ca200000| PB 0x00000000ca200000| Untracked 
| 162|0x00000000ca200000, 0x00000000ca300000, 0x00000000ca300000|100%| O|  |TAMS 0x00000000ca300000| PB 0x00000000ca300000| Untracked 
| 163|0x00000000ca300000, 0x00000000ca400000, 0x00000000ca400000|100%| O|  |TAMS 0x00000000ca400000| PB 0x00000000ca400000| Untracked 
| 164|0x00000000ca400000, 0x00000000ca500000, 0x00000000ca500000|100%| O|  |TAMS 0x00000000ca500000| PB 0x00000000ca500000| Untracked 
| 165|0x00000000ca500000, 0x00000000ca600000, 0x00000000ca600000|100%| O|  |TAMS 0x00000000ca600000| PB 0x00000000ca600000| Untracked 
| 166|0x00000000ca600000, 0x00000000ca700000, 0x00000000ca700000|100%| O|  |TAMS 0x00000000ca700000| PB 0x00000000ca700000| Updating 
| 167|0x00000000ca700000, 0x00000000ca800000, 0x00000000ca800000|100%| O|  |TAMS 0x00000000ca800000| PB 0x00000000ca800000| Updating 
| 168|0x00000000ca800000, 0x00000000ca900000, 0x00000000ca900000|100%| O|  |TAMS 0x00000000ca900000| PB 0x00000000ca900000| Untracked 
| 169|0x00000000ca900000, 0x00000000caa00000, 0x00000000caa00000|100%| O|  |TAMS 0x00000000caa00000| PB 0x00000000caa00000| Untracked 
| 170|0x00000000caa00000, 0x00000000cab00000, 0x00000000cab00000|100%| O|  |TAMS 0x00000000cab00000| PB 0x00000000cab00000| Untracked 
| 171|0x00000000cab00000, 0x00000000cac00000, 0x00000000cac00000|100%| O|  |TAMS 0x00000000cac00000| PB 0x00000000cac00000| Untracked 
| 172|0x00000000cac00000, 0x00000000cad00000, 0x00000000cad00000|100%| O|  |TAMS 0x00000000cad00000| PB 0x00000000cad00000| Untracked 
| 173|0x00000000cad00000, 0x00000000cae00000, 0x00000000cae00000|100%| O|  |TAMS 0x00000000cae00000| PB 0x00000000cae00000| Untracked 
| 174|0x00000000cae00000, 0x00000000caf00000, 0x00000000caf00000|100%| O|  |TAMS 0x00000000caf00000| PB 0x00000000caf00000| Untracked 
| 175|0x00000000caf00000, 0x00000000cb000000, 0x00000000cb000000|100%| O|  |TAMS 0x00000000cb000000| PB 0x00000000cb000000| Untracked 
| 176|0x00000000cb000000, 0x00000000cb100000, 0x00000000cb100000|100%| O|  |TAMS 0x00000000cb100000| PB 0x00000000cb100000| Untracked 
| 177|0x00000000cb100000, 0x00000000cb200000, 0x00000000cb200000|100%| O|  |TAMS 0x00000000cb200000| PB 0x00000000cb200000| Untracked 
| 178|0x00000000cb200000, 0x00000000cb300000, 0x00000000cb300000|100%| O|  |TAMS 0x00000000cb300000| PB 0x00000000cb300000| Untracked 
| 179|0x00000000cb300000, 0x00000000cb400000, 0x00000000cb400000|100%| O|  |TAMS 0x00000000cb400000| PB 0x00000000cb400000| Untracked 
| 180|0x00000000cb400000, 0x00000000cb500000, 0x00000000cb500000|100%| O|  |TAMS 0x00000000cb500000| PB 0x00000000cb500000| Untracked 
| 181|0x00000000cb500000, 0x00000000cb600000, 0x00000000cb600000|100%| O|  |TAMS 0x00000000cb600000| PB 0x00000000cb600000| Untracked 
| 182|0x00000000cb600000, 0x00000000cb700000, 0x00000000cb700000|100%| O|  |TAMS 0x00000000cb700000| PB 0x00000000cb700000| Updating 
| 183|0x00000000cb700000, 0x00000000cb800000, 0x00000000cb800000|100%| O|  |TAMS 0x00000000cb800000| PB 0x00000000cb800000| Updating 
| 184|0x00000000cb800000, 0x00000000cb900000, 0x00000000cb900000|100%| O|  |TAMS 0x00000000cb900000| PB 0x00000000cb900000| Updating 
| 185|0x00000000cb900000, 0x00000000cba00000, 0x00000000cba00000|100%| O|  |TAMS 0x00000000cba00000| PB 0x00000000cba00000| Untracked 
| 186|0x00000000cba00000, 0x00000000cbb00000, 0x00000000cbb00000|100%| O|  |TAMS 0x00000000cbb00000| PB 0x00000000cbb00000| Untracked 
| 187|0x00000000cbb00000, 0x00000000cbc00000, 0x00000000cbc00000|100%| O|  |TAMS 0x00000000cbc00000| PB 0x00000000cbc00000| Untracked 
| 188|0x00000000cbc00000, 0x00000000cbd00000, 0x00000000cbd00000|100%| O|  |TAMS 0x00000000cbd00000| PB 0x00000000cbd00000| Untracked 
| 189|0x00000000cbd00000, 0x00000000cbe00000, 0x00000000cbe00000|100%| O|  |TAMS 0x00000000cbe00000| PB 0x00000000cbe00000| Untracked 
| 190|0x00000000cbe00000, 0x00000000cbf00000, 0x00000000cbf00000|100%| O|  |TAMS 0x00000000cbf00000| PB 0x00000000cbf00000| Updating 
| 191|0x00000000cbf00000, 0x00000000cc000000, 0x00000000cc000000|100%| O|  |TAMS 0x00000000cc000000| PB 0x00000000cc000000| Untracked 
| 192|0x00000000cc000000, 0x00000000cc100000, 0x00000000cc100000|100%|HS|  |TAMS 0x00000000cc100000| PB 0x00000000cc000000| Complete 
| 193|0x00000000cc100000, 0x00000000cc200000, 0x00000000cc200000|100%|HC|  |TAMS 0x00000000cc200000| PB 0x00000000cc100000| Complete 
| 194|0x00000000cc200000, 0x00000000cc300000, 0x00000000cc300000|100%|HC|  |TAMS 0x00000000cc300000| PB 0x00000000cc200000| Complete 
| 195|0x00000000cc300000, 0x00000000cc400000, 0x00000000cc400000|100%|HC|  |TAMS 0x00000000cc400000| PB 0x00000000cc300000| Complete 
| 196|0x00000000cc400000, 0x00000000cc500000, 0x00000000cc500000|100%| O|  |TAMS 0x00000000cc500000| PB 0x00000000cc500000| Untracked 
| 197|0x00000000cc500000, 0x00000000cc600000, 0x00000000cc600000|100%| O|  |TAMS 0x00000000cc600000| PB 0x00000000cc600000| Updating 
| 198|0x00000000cc600000, 0x00000000cc700000, 0x00000000cc700000|100%| O|  |TAMS 0x00000000cc700000| PB 0x00000000cc700000| Updating 
| 199|0x00000000cc700000, 0x00000000cc800000, 0x00000000cc800000|100%| O|  |TAMS 0x00000000cc800000| PB 0x00000000cc800000| Updating 
| 200|0x00000000cc800000, 0x00000000cc900000, 0x00000000cc900000|100%| O|  |TAMS 0x00000000cc900000| PB 0x00000000cc900000| Untracked 
| 201|0x00000000cc900000, 0x00000000cca00000, 0x00000000cca00000|100%| O|  |TAMS 0x00000000cca00000| PB 0x00000000cca00000| Untracked 
| 202|0x00000000cca00000, 0x00000000ccb00000, 0x00000000ccb00000|100%| O|  |TAMS 0x00000000ccb00000| PB 0x00000000ccb00000| Untracked 
| 203|0x00000000ccb00000, 0x00000000ccc00000, 0x00000000ccc00000|100%| O|  |TAMS 0x00000000ccc00000| PB 0x00000000ccc00000| Untracked 
| 204|0x00000000ccc00000, 0x00000000ccd00000, 0x00000000ccd00000|100%| O|  |TAMS 0x00000000ccd00000| PB 0x00000000ccd00000| Updating 
| 205|0x00000000ccd00000, 0x00000000cce00000, 0x00000000cce00000|100%| O|  |TAMS 0x00000000cce00000| PB 0x00000000cce00000| Untracked 
| 206|0x00000000cce00000, 0x00000000ccf00000, 0x00000000ccf00000|100%| O|  |TAMS 0x00000000ccf00000| PB 0x00000000ccf00000| Updating 
| 207|0x00000000ccf00000, 0x00000000cd000000, 0x00000000cd000000|100%| O|  |TAMS 0x00000000cd000000| PB 0x00000000cd000000| Untracked 
| 208|0x00000000cd000000, 0x00000000cd100000, 0x00000000cd100000|100%| O|  |TAMS 0x00000000cd100000| PB 0x00000000cd100000| Updating 
| 209|0x00000000cd100000, 0x00000000cd200000, 0x00000000cd200000|100%| O|  |TAMS 0x00000000cd200000| PB 0x00000000cd200000| Updating 
| 210|0x00000000cd200000, 0x00000000cd300000, 0x00000000cd300000|100%| O|  |TAMS 0x00000000cd300000| PB 0x00000000cd300000| Updating 
| 211|0x00000000cd300000, 0x00000000cd400000, 0x00000000cd400000|100%| O|  |TAMS 0x00000000cd400000| PB 0x00000000cd400000| Updating 
| 212|0x00000000cd400000, 0x00000000cd500000, 0x00000000cd500000|100%| O|  |TAMS 0x00000000cd500000| PB 0x00000000cd500000| Updating 
| 213|0x00000000cd500000, 0x00000000cd600000, 0x00000000cd600000|100%| O|  |TAMS 0x00000000cd600000| PB 0x00000000cd600000| Untracked 
| 214|0x00000000cd600000, 0x00000000cd700000, 0x00000000cd700000|100%| O|  |TAMS 0x00000000cd700000| PB 0x00000000cd700000| Untracked 
| 215|0x00000000cd700000, 0x00000000cd800000, 0x00000000cd800000|100%| O|  |TAMS 0x00000000cd800000| PB 0x00000000cd800000| Untracked 
| 216|0x00000000cd800000, 0x00000000cd900000, 0x00000000cd900000|100%| O|  |TAMS 0x00000000cd900000| PB 0x00000000cd900000| Untracked 
| 217|0x00000000cd900000, 0x00000000cda00000, 0x00000000cda00000|100%| O|  |TAMS 0x00000000cda00000| PB 0x00000000cda00000| Untracked 
| 218|0x00000000cda00000, 0x00000000cdb00000, 0x00000000cdb00000|100%| O|  |TAMS 0x00000000cdb00000| PB 0x00000000cdb00000| Untracked 
| 219|0x00000000cdb00000, 0x00000000cdc00000, 0x00000000cdc00000|100%| O|  |TAMS 0x00000000cdc00000| PB 0x00000000cdc00000| Updating 
| 220|0x00000000cdc00000, 0x00000000cdd00000, 0x00000000cdd00000|100%| O|  |TAMS 0x00000000cdd00000| PB 0x00000000cdd00000| Updating 
| 221|0x00000000cdd00000, 0x00000000cde00000, 0x00000000cde00000|100%| O|  |TAMS 0x00000000cde00000| PB 0x00000000cde00000| Updating 
| 222|0x00000000cde00000, 0x00000000cdf00000, 0x00000000cdf00000|100%| O|  |TAMS 0x00000000cdf00000| PB 0x00000000cdf00000| Updating 
| 223|0x00000000cdf00000, 0x00000000ce000000, 0x00000000ce000000|100%| O|  |TAMS 0x00000000ce000000| PB 0x00000000ce000000| Untracked 
| 224|0x00000000ce000000, 0x00000000ce100000, 0x00000000ce100000|100%| O|  |TAMS 0x00000000ce100000| PB 0x00000000ce100000| Untracked 
| 225|0x00000000ce100000, 0x00000000ce200000, 0x00000000ce200000|100%| O|  |TAMS 0x00000000ce200000| PB 0x00000000ce200000| Untracked 
| 226|0x00000000ce200000, 0x00000000ce300000, 0x00000000ce300000|100%| O|  |TAMS 0x00000000ce300000| PB 0x00000000ce300000| Untracked 
| 227|0x00000000ce300000, 0x00000000ce400000, 0x00000000ce400000|100%| O|  |TAMS 0x00000000ce400000| PB 0x00000000ce400000| Untracked 
| 228|0x00000000ce400000, 0x00000000ce500000, 0x00000000ce500000|100%| O|  |TAMS 0x00000000ce500000| PB 0x00000000ce500000| Untracked 
| 229|0x00000000ce500000, 0x00000000ce600000, 0x00000000ce600000|100%| O|  |TAMS 0x00000000ce600000| PB 0x00000000ce600000| Untracked 
| 230|0x00000000ce600000, 0x00000000ce700000, 0x00000000ce700000|100%| O|  |TAMS 0x00000000ce700000| PB 0x00000000ce700000| Updating 
| 231|0x00000000ce700000, 0x00000000ce800000, 0x00000000ce800000|100%| O|  |TAMS 0x00000000ce800000| PB 0x00000000ce800000| Updating 
| 232|0x00000000ce800000, 0x00000000ce900000, 0x00000000ce900000|100%| O|  |TAMS 0x00000000ce8bc5b0| PB 0x00000000ce8bc5b0| Updating 
| 233|0x00000000ce900000, 0x00000000cea00000, 0x00000000cea00000|100%| O|  |TAMS 0x00000000ce900000| PB 0x00000000ce900000| Untracked 
| 234|0x00000000cea00000, 0x00000000ceb00000, 0x00000000ceb00000|100%| O|  |TAMS 0x00000000cea00000| PB 0x00000000cea00000| Untracked 
| 235|0x00000000ceb00000, 0x00000000cec00000, 0x00000000cec00000|100%| O|  |TAMS 0x00000000ceb00000| PB 0x00000000ceb00000| Untracked 
| 236|0x00000000cec00000, 0x00000000ced00000, 0x00000000ced00000|100%| O|  |TAMS 0x00000000cec00000| PB 0x00000000cec00000| Untracked 
| 237|0x00000000ced00000, 0x00000000cee00000, 0x00000000cee00000|100%| O|  |TAMS 0x00000000ced00000| PB 0x00000000ced00000| Untracked 
| 238|0x00000000cee00000, 0x00000000cee0e268, 0x00000000cef00000|  5%| O|  |TAMS 0x00000000cee00000| PB 0x00000000cee00000| Updating 
| 239|0x00000000cef00000, 0x00000000cef00000, 0x00000000cf000000|  0%| F|  |TAMS 0x00000000cef00000| PB 0x00000000cef00000| Untracked 
| 240|0x00000000cf000000, 0x00000000cf000000, 0x00000000cf100000|  0%| F|  |TAMS 0x00000000cf000000| PB 0x00000000cf000000| Untracked 
| 241|0x00000000cf100000, 0x00000000cf100000, 0x00000000cf200000|  0%| F|  |TAMS 0x00000000cf100000| PB 0x00000000cf100000| Untracked 
| 242|0x00000000cf200000, 0x00000000cf200000, 0x00000000cf300000|  0%| F|  |TAMS 0x00000000cf200000| PB 0x00000000cf200000| Untracked 
| 243|0x00000000cf300000, 0x00000000cf300000, 0x00000000cf400000|  0%| F|  |TAMS 0x00000000cf300000| PB 0x00000000cf300000| Untracked 
| 244|0x00000000cf400000, 0x00000000cf400000, 0x00000000cf500000|  0%| F|  |TAMS 0x00000000cf400000| PB 0x00000000cf400000| Untracked 
| 245|0x00000000cf500000, 0x00000000cf500000, 0x00000000cf600000|  0%| F|  |TAMS 0x00000000cf500000| PB 0x00000000cf500000| Untracked 
| 246|0x00000000cf600000, 0x00000000cf600000, 0x00000000cf700000|  0%| F|  |TAMS 0x00000000cf600000| PB 0x00000000cf600000| Untracked 
| 247|0x00000000cf700000, 0x00000000cf700000, 0x00000000cf800000|  0%| F|  |TAMS 0x00000000cf700000| PB 0x00000000cf700000| Untracked 
| 248|0x00000000cf800000, 0x00000000cf800000, 0x00000000cf900000|  0%| F|  |TAMS 0x00000000cf800000| PB 0x00000000cf800000| Untracked 
| 249|0x00000000cf900000, 0x00000000cf900000, 0x00000000cfa00000|  0%| F|  |TAMS 0x00000000cf900000| PB 0x00000000cf900000| Untracked 
| 250|0x00000000cfa00000, 0x00000000cfa00000, 0x00000000cfb00000|  0%| F|  |TAMS 0x00000000cfa00000| PB 0x00000000cfa00000| Untracked 
| 251|0x00000000cfb00000, 0x00000000cfb00000, 0x00000000cfc00000|  0%| F|  |TAMS 0x00000000cfb00000| PB 0x00000000cfb00000| Untracked 
| 252|0x00000000cfc00000, 0x00000000cfc00000, 0x00000000cfd00000|  0%| F|  |TAMS 0x00000000cfc00000| PB 0x00000000cfc00000| Untracked 
| 253|0x00000000cfd00000, 0x00000000cfd00000, 0x00000000cfe00000|  0%| F|  |TAMS 0x00000000cfd00000| PB 0x00000000cfd00000| Untracked 
| 254|0x00000000cfe00000, 0x00000000cfe00000, 0x00000000cff00000|  0%| F|  |TAMS 0x00000000cfe00000| PB 0x00000000cfe00000| Untracked 
| 255|0x00000000cff00000, 0x00000000cff00000, 0x00000000d0000000|  0%| F|  |TAMS 0x00000000cff00000| PB 0x00000000cff00000| Untracked 
| 256|0x00000000d0000000, 0x00000000d0000000, 0x00000000d0100000|  0%| F|  |TAMS 0x00000000d0000000| PB 0x00000000d0000000| Untracked 
| 257|0x00000000d0100000, 0x00000000d0100000, 0x00000000d0200000|  0%| F|  |TAMS 0x00000000d0100000| PB 0x00000000d0100000| Untracked 
| 258|0x00000000d0200000, 0x00000000d0200000, 0x00000000d0300000|  0%| F|  |TAMS 0x00000000d0200000| PB 0x00000000d0200000| Untracked 
| 259|0x00000000d0300000, 0x00000000d0300000, 0x00000000d0400000|  0%| F|  |TAMS 0x00000000d0300000| PB 0x00000000d0300000| Untracked 
| 260|0x00000000d0400000, 0x00000000d0400000, 0x00000000d0500000|  0%| F|  |TAMS 0x00000000d0400000| PB 0x00000000d0400000| Untracked 
| 261|0x00000000d0500000, 0x00000000d0500000, 0x00000000d0600000|  0%| F|  |TAMS 0x00000000d0500000| PB 0x00000000d0500000| Untracked 
| 262|0x00000000d0600000, 0x00000000d0600000, 0x00000000d0700000|  0%| F|  |TAMS 0x00000000d0600000| PB 0x00000000d0600000| Untracked 
| 263|0x00000000d0700000, 0x00000000d0700000, 0x00000000d0800000|  0%| F|  |TAMS 0x00000000d0700000| PB 0x00000000d0700000| Untracked 
| 264|0x00000000d0800000, 0x00000000d0800000, 0x00000000d0900000|  0%| F|  |TAMS 0x00000000d0800000| PB 0x00000000d0800000| Untracked 
| 265|0x00000000d0900000, 0x00000000d0900000, 0x00000000d0a00000|  0%| F|  |TAMS 0x00000000d0900000| PB 0x00000000d0900000| Untracked 
| 266|0x00000000d0a00000, 0x00000000d0a00000, 0x00000000d0b00000|  0%| F|  |TAMS 0x00000000d0a00000| PB 0x00000000d0a00000| Untracked 
| 267|0x00000000d0b00000, 0x00000000d0b00000, 0x00000000d0c00000|  0%| F|  |TAMS 0x00000000d0b00000| PB 0x00000000d0b00000| Untracked 
| 268|0x00000000d0c00000, 0x00000000d0c00000, 0x00000000d0d00000|  0%| F|  |TAMS 0x00000000d0c00000| PB 0x00000000d0c00000| Untracked 
| 269|0x00000000d0d00000, 0x00000000d0d00000, 0x00000000d0e00000|  0%| F|  |TAMS 0x00000000d0d00000| PB 0x00000000d0d00000| Untracked 
| 270|0x00000000d0e00000, 0x00000000d0e00000, 0x00000000d0f00000|  0%| F|  |TAMS 0x00000000d0e00000| PB 0x00000000d0e00000| Untracked 
| 271|0x00000000d0f00000, 0x00000000d0f00000, 0x00000000d1000000|  0%| F|  |TAMS 0x00000000d0f00000| PB 0x00000000d0f00000| Untracked 
| 272|0x00000000d1000000, 0x00000000d1000000, 0x00000000d1100000|  0%| F|  |TAMS 0x00000000d1000000| PB 0x00000000d1000000| Untracked 
| 273|0x00000000d1100000, 0x00000000d1100000, 0x00000000d1200000|  0%| F|  |TAMS 0x00000000d1100000| PB 0x00000000d1100000| Untracked 
| 274|0x00000000d1200000, 0x00000000d1200000, 0x00000000d1300000|  0%| F|  |TAMS 0x00000000d1200000| PB 0x00000000d1200000| Untracked 
| 275|0x00000000d1300000, 0x00000000d1300000, 0x00000000d1400000|  0%| F|  |TAMS 0x00000000d1300000| PB 0x00000000d1300000| Untracked 
| 276|0x00000000d1400000, 0x00000000d1400000, 0x00000000d1500000|  0%| F|  |TAMS 0x00000000d1400000| PB 0x00000000d1400000| Untracked 
| 277|0x00000000d1500000, 0x00000000d1500000, 0x00000000d1600000|  0%| F|  |TAMS 0x00000000d1500000| PB 0x00000000d1500000| Untracked 
| 278|0x00000000d1600000, 0x00000000d1600000, 0x00000000d1700000|  0%| F|  |TAMS 0x00000000d1600000| PB 0x00000000d1600000| Untracked 
| 279|0x00000000d1700000, 0x00000000d1700000, 0x00000000d1800000|  0%| F|  |TAMS 0x00000000d1700000| PB 0x00000000d1700000| Untracked 
| 280|0x00000000d1800000, 0x00000000d1800000, 0x00000000d1900000|  0%| F|  |TAMS 0x00000000d1800000| PB 0x00000000d1800000| Untracked 
| 281|0x00000000d1900000, 0x00000000d1900000, 0x00000000d1a00000|  0%| F|  |TAMS 0x00000000d1900000| PB 0x00000000d1900000| Untracked 
| 282|0x00000000d1a00000, 0x00000000d1a00000, 0x00000000d1b00000|  0%| F|  |TAMS 0x00000000d1a00000| PB 0x00000000d1a00000| Untracked 
| 283|0x00000000d1b00000, 0x00000000d1b00000, 0x00000000d1c00000|  0%| F|  |TAMS 0x00000000d1b00000| PB 0x00000000d1b00000| Untracked 
| 284|0x00000000d1c00000, 0x00000000d1c00000, 0x00000000d1d00000|  0%| F|  |TAMS 0x00000000d1c00000| PB 0x00000000d1c00000| Untracked 
| 285|0x00000000d1d00000, 0x00000000d1d00000, 0x00000000d1e00000|  0%| F|  |TAMS 0x00000000d1d00000| PB 0x00000000d1d00000| Untracked 
| 286|0x00000000d1e00000, 0x00000000d1e00000, 0x00000000d1f00000|  0%| F|  |TAMS 0x00000000d1e00000| PB 0x00000000d1e00000| Untracked 
| 287|0x00000000d1f00000, 0x00000000d1f00000, 0x00000000d2000000|  0%| F|  |TAMS 0x00000000d1f00000| PB 0x00000000d1f00000| Untracked 
| 288|0x00000000d2000000, 0x00000000d2000000, 0x00000000d2100000|  0%| F|  |TAMS 0x00000000d2000000| PB 0x00000000d2000000| Untracked 
| 289|0x00000000d2100000, 0x00000000d2100000, 0x00000000d2200000|  0%| F|  |TAMS 0x00000000d2100000| PB 0x00000000d2100000| Untracked 
| 290|0x00000000d2200000, 0x00000000d2200000, 0x00000000d2300000|  0%| F|  |TAMS 0x00000000d2200000| PB 0x00000000d2200000| Untracked 
| 291|0x00000000d2300000, 0x00000000d2300000, 0x00000000d2400000|  0%| F|  |TAMS 0x00000000d2300000| PB 0x00000000d2300000| Untracked 
| 292|0x00000000d2400000, 0x00000000d2400000, 0x00000000d2500000|  0%| F|  |TAMS 0x00000000d2400000| PB 0x00000000d2400000| Untracked 
| 293|0x00000000d2500000, 0x00000000d2500000, 0x00000000d2600000|  0%| F|  |TAMS 0x00000000d2500000| PB 0x00000000d2500000| Untracked 
| 294|0x00000000d2600000, 0x00000000d2600000, 0x00000000d2700000|  0%| F|  |TAMS 0x00000000d2600000| PB 0x00000000d2600000| Untracked 
| 295|0x00000000d2700000, 0x00000000d2700000, 0x00000000d2800000|  0%| F|  |TAMS 0x00000000d2700000| PB 0x00000000d2700000| Untracked 
| 296|0x00000000d2800000, 0x00000000d2800000, 0x00000000d2900000|  0%| F|  |TAMS 0x00000000d2800000| PB 0x00000000d2800000| Untracked 
| 297|0x00000000d2900000, 0x00000000d2900000, 0x00000000d2a00000|  0%| F|  |TAMS 0x00000000d2900000| PB 0x00000000d2900000| Untracked 
| 298|0x00000000d2a00000, 0x00000000d2a00000, 0x00000000d2b00000|  0%| F|  |TAMS 0x00000000d2a00000| PB 0x00000000d2a00000| Untracked 
| 299|0x00000000d2b00000, 0x00000000d2b00000, 0x00000000d2c00000|  0%| F|  |TAMS 0x00000000d2b00000| PB 0x00000000d2b00000| Untracked 
| 300|0x00000000d2c00000, 0x00000000d2c00000, 0x00000000d2d00000|  0%| F|  |TAMS 0x00000000d2c00000| PB 0x00000000d2c00000| Untracked 
| 301|0x00000000d2d00000, 0x00000000d2d00000, 0x00000000d2e00000|  0%| F|  |TAMS 0x00000000d2d00000| PB 0x00000000d2d00000| Untracked 
| 302|0x00000000d2e00000, 0x00000000d2e00000, 0x00000000d2f00000|  0%| F|  |TAMS 0x00000000d2e00000| PB 0x00000000d2e00000| Untracked 
| 303|0x00000000d2f00000, 0x00000000d2f00000, 0x00000000d3000000|  0%| F|  |TAMS 0x00000000d2f00000| PB 0x00000000d2f00000| Untracked 
| 304|0x00000000d3000000, 0x00000000d3000000, 0x00000000d3100000|  0%| F|  |TAMS 0x00000000d3000000| PB 0x00000000d3000000| Untracked 
| 305|0x00000000d3100000, 0x00000000d3100000, 0x00000000d3200000|  0%| F|  |TAMS 0x00000000d3100000| PB 0x00000000d3100000| Untracked 
| 306|0x00000000d3200000, 0x00000000d3200000, 0x00000000d3300000|  0%| F|  |TAMS 0x00000000d3200000| PB 0x00000000d3200000| Untracked 
| 307|0x00000000d3300000, 0x00000000d3300000, 0x00000000d3400000|  0%| F|  |TAMS 0x00000000d3300000| PB 0x00000000d3300000| Untracked 
| 308|0x00000000d3400000, 0x00000000d3400000, 0x00000000d3500000|  0%| F|  |TAMS 0x00000000d3400000| PB 0x00000000d3400000| Untracked 
| 309|0x00000000d3500000, 0x00000000d3500000, 0x00000000d3600000|  0%| F|  |TAMS 0x00000000d3500000| PB 0x00000000d3500000| Untracked 
| 310|0x00000000d3600000, 0x00000000d3600000, 0x00000000d3700000|  0%| F|  |TAMS 0x00000000d3600000| PB 0x00000000d3600000| Untracked 
| 311|0x00000000d3700000, 0x00000000d3700000, 0x00000000d3800000|  0%| F|  |TAMS 0x00000000d3700000| PB 0x00000000d3700000| Untracked 
| 312|0x00000000d3800000, 0x00000000d3800000, 0x00000000d3900000|  0%| F|  |TAMS 0x00000000d3800000| PB 0x00000000d3800000| Untracked 
| 313|0x00000000d3900000, 0x00000000d3900000, 0x00000000d3a00000|  0%| F|  |TAMS 0x00000000d3900000| PB 0x00000000d3900000| Untracked 
| 314|0x00000000d3a00000, 0x00000000d3a00000, 0x00000000d3b00000|  0%| F|  |TAMS 0x00000000d3a00000| PB 0x00000000d3a00000| Untracked 
| 315|0x00000000d3b00000, 0x00000000d3b00000, 0x00000000d3c00000|  0%| F|  |TAMS 0x00000000d3b00000| PB 0x00000000d3b00000| Untracked 
| 316|0x00000000d3c00000, 0x00000000d3c00000, 0x00000000d3d00000|  0%| F|  |TAMS 0x00000000d3c00000| PB 0x00000000d3c00000| Untracked 
| 317|0x00000000d3d00000, 0x00000000d3d00000, 0x00000000d3e00000|  0%| F|  |TAMS 0x00000000d3d00000| PB 0x00000000d3d00000| Untracked 
| 318|0x00000000d3e00000, 0x00000000d3e00000, 0x00000000d3f00000|  0%| F|  |TAMS 0x00000000d3e00000| PB 0x00000000d3e00000| Untracked 
| 319|0x00000000d3f00000, 0x00000000d3f00000, 0x00000000d4000000|  0%| F|  |TAMS 0x00000000d3f00000| PB 0x00000000d3f00000| Untracked 
| 320|0x00000000d4000000, 0x00000000d4000000, 0x00000000d4100000|  0%| F|  |TAMS 0x00000000d4000000| PB 0x00000000d4000000| Untracked 
| 321|0x00000000d4100000, 0x00000000d4100000, 0x00000000d4200000|  0%| F|  |TAMS 0x00000000d4100000| PB 0x00000000d4100000| Untracked 
| 322|0x00000000d4200000, 0x00000000d4200000, 0x00000000d4300000|  0%| F|  |TAMS 0x00000000d4200000| PB 0x00000000d4200000| Untracked 
| 323|0x00000000d4300000, 0x00000000d4300000, 0x00000000d4400000|  0%| F|  |TAMS 0x00000000d4300000| PB 0x00000000d4300000| Untracked 
| 324|0x00000000d4400000, 0x00000000d4400000, 0x00000000d4500000|  0%| F|  |TAMS 0x00000000d4400000| PB 0x00000000d4400000| Untracked 
| 325|0x00000000d4500000, 0x00000000d4500000, 0x00000000d4600000|  0%| F|  |TAMS 0x00000000d4500000| PB 0x00000000d4500000| Untracked 
| 326|0x00000000d4600000, 0x00000000d4600000, 0x00000000d4700000|  0%| F|  |TAMS 0x00000000d4600000| PB 0x00000000d4600000| Untracked 
| 327|0x00000000d4700000, 0x00000000d4700000, 0x00000000d4800000|  0%| F|  |TAMS 0x00000000d4700000| PB 0x00000000d4700000| Untracked 
| 328|0x00000000d4800000, 0x00000000d4800000, 0x00000000d4900000|  0%| F|  |TAMS 0x00000000d4800000| PB 0x00000000d4800000| Untracked 
| 329|0x00000000d4900000, 0x00000000d4900000, 0x00000000d4a00000|  0%| F|  |TAMS 0x00000000d4900000| PB 0x00000000d4900000| Untracked 
| 330|0x00000000d4a00000, 0x00000000d4a00000, 0x00000000d4b00000|  0%| F|  |TAMS 0x00000000d4a00000| PB 0x00000000d4a00000| Untracked 
| 331|0x00000000d4b00000, 0x00000000d4b00000, 0x00000000d4c00000|  0%| F|  |TAMS 0x00000000d4b00000| PB 0x00000000d4b00000| Untracked 
| 332|0x00000000d4c00000, 0x00000000d4c00000, 0x00000000d4d00000|  0%| F|  |TAMS 0x00000000d4c00000| PB 0x00000000d4c00000| Untracked 
| 333|0x00000000d4d00000, 0x00000000d4d00000, 0x00000000d4e00000|  0%| F|  |TAMS 0x00000000d4d00000| PB 0x00000000d4d00000| Untracked 
| 334|0x00000000d4e00000, 0x00000000d4e00000, 0x00000000d4f00000|  0%| F|  |TAMS 0x00000000d4e00000| PB 0x00000000d4e00000| Untracked 
| 335|0x00000000d4f00000, 0x00000000d4f00000, 0x00000000d5000000|  0%| F|  |TAMS 0x00000000d4f00000| PB 0x00000000d4f00000| Untracked 
| 336|0x00000000d5000000, 0x00000000d5000000, 0x00000000d5100000|  0%| F|  |TAMS 0x00000000d5000000| PB 0x00000000d5000000| Untracked 
| 337|0x00000000d5100000, 0x00000000d5100000, 0x00000000d5200000|  0%| F|  |TAMS 0x00000000d5100000| PB 0x00000000d5100000| Untracked 
| 338|0x00000000d5200000, 0x00000000d5200000, 0x00000000d5300000|  0%| F|  |TAMS 0x00000000d5200000| PB 0x00000000d5200000| Untracked 
| 339|0x00000000d5300000, 0x00000000d5300000, 0x00000000d5400000|  0%| F|  |TAMS 0x00000000d5300000| PB 0x00000000d5300000| Untracked 
| 340|0x00000000d5400000, 0x00000000d5400000, 0x00000000d5500000|  0%| F|  |TAMS 0x00000000d5400000| PB 0x00000000d5400000| Untracked 
| 341|0x00000000d5500000, 0x00000000d5500000, 0x00000000d5600000|  0%| F|  |TAMS 0x00000000d5500000| PB 0x00000000d5500000| Untracked 
| 342|0x00000000d5600000, 0x00000000d5600000, 0x00000000d5700000|  0%| F|  |TAMS 0x00000000d5600000| PB 0x00000000d5600000| Untracked 
| 343|0x00000000d5700000, 0x00000000d5700000, 0x00000000d5800000|  0%| F|  |TAMS 0x00000000d5700000| PB 0x00000000d5700000| Untracked 
| 344|0x00000000d5800000, 0x00000000d58347f8, 0x00000000d5900000| 20%| S|CS|TAMS 0x00000000d5800000| PB 0x00000000d5800000| Complete 
| 345|0x00000000d5900000, 0x00000000d5a00000, 0x00000000d5a00000|100%| S|CS|TAMS 0x00000000d5900000| PB 0x00000000d5900000| Complete 
| 346|0x00000000d5a00000, 0x00000000d5b00000, 0x00000000d5b00000|100%| S|CS|TAMS 0x00000000d5a00000| PB 0x00000000d5a00000| Complete 
| 347|0x00000000d5b00000, 0x00000000d5b00000, 0x00000000d5c00000|  0%| F|  |TAMS 0x00000000d5b00000| PB 0x00000000d5b00000| Untracked 
| 348|0x00000000d5c00000, 0x00000000d5c00000, 0x00000000d5d00000|  0%| F|  |TAMS 0x00000000d5c00000| PB 0x00000000d5c00000| Untracked 
| 349|0x00000000d5d00000, 0x00000000d5d00000, 0x00000000d5e00000|  0%| F|  |TAMS 0x00000000d5d00000| PB 0x00000000d5d00000| Untracked 
| 350|0x00000000d5e00000, 0x00000000d5e00000, 0x00000000d5f00000|  0%| F|  |TAMS 0x00000000d5e00000| PB 0x00000000d5e00000| Untracked 
| 351|0x00000000d5f00000, 0x00000000d5f00000, 0x00000000d6000000|  0%| F|  |TAMS 0x00000000d5f00000| PB 0x00000000d5f00000| Untracked 
| 352|0x00000000d6000000, 0x00000000d6000000, 0x00000000d6100000|  0%| F|  |TAMS 0x00000000d6000000| PB 0x00000000d6000000| Untracked 
| 353|0x00000000d6100000, 0x00000000d6100000, 0x00000000d6200000|  0%| F|  |TAMS 0x00000000d6100000| PB 0x00000000d6100000| Untracked 
| 354|0x00000000d6200000, 0x00000000d6200000, 0x00000000d6300000|  0%| F|  |TAMS 0x00000000d6200000| PB 0x00000000d6200000| Untracked 
| 355|0x00000000d6300000, 0x00000000d6300000, 0x00000000d6400000|  0%| F|  |TAMS 0x00000000d6300000| PB 0x00000000d6300000| Untracked 
| 356|0x00000000d6400000, 0x00000000d6500000, 0x00000000d6500000|100%| S|CS|TAMS 0x00000000d6400000| PB 0x00000000d6400000| Complete 
| 357|0x00000000d6500000, 0x00000000d6600000, 0x00000000d6600000|100%| S|CS|TAMS 0x00000000d6500000| PB 0x00000000d6500000| Complete 
| 358|0x00000000d6600000, 0x00000000d6700000, 0x00000000d6700000|100%| S|CS|TAMS 0x00000000d6600000| PB 0x00000000d6600000| Complete 
| 359|0x00000000d6700000, 0x00000000d6800000, 0x00000000d6800000|100%| S|CS|TAMS 0x00000000d6700000| PB 0x00000000d6700000| Complete 
| 360|0x00000000d6800000, 0x00000000d6900000, 0x00000000d6900000|100%| S|CS|TAMS 0x00000000d6800000| PB 0x00000000d6800000| Complete 
| 361|0x00000000d6900000, 0x00000000d6900000, 0x00000000d6a00000|  0%| F|  |TAMS 0x00000000d6900000| PB 0x00000000d6900000| Untracked 
| 362|0x00000000d6a00000, 0x00000000d6a00000, 0x00000000d6b00000|  0%| F|  |TAMS 0x00000000d6a00000| PB 0x00000000d6a00000| Untracked 
| 363|0x00000000d6b00000, 0x00000000d6b00000, 0x00000000d6c00000|  0%| F|  |TAMS 0x00000000d6b00000| PB 0x00000000d6b00000| Untracked 
| 364|0x00000000d6c00000, 0x00000000d6c00000, 0x00000000d6d00000|  0%| F|  |TAMS 0x00000000d6c00000| PB 0x00000000d6c00000| Untracked 
| 365|0x00000000d6d00000, 0x00000000d6d00000, 0x00000000d6e00000|  0%| F|  |TAMS 0x00000000d6d00000| PB 0x00000000d6d00000| Untracked 
| 366|0x00000000d6e00000, 0x00000000d6e00000, 0x00000000d6f00000|  0%| F|  |TAMS 0x00000000d6e00000| PB 0x00000000d6e00000| Untracked 
| 367|0x00000000d6f00000, 0x00000000d6f00000, 0x00000000d7000000|  0%| F|  |TAMS 0x00000000d6f00000| PB 0x00000000d6f00000| Untracked 
| 368|0x00000000d7000000, 0x00000000d7000000, 0x00000000d7100000|  0%| F|  |TAMS 0x00000000d7000000| PB 0x00000000d7000000| Untracked 
| 369|0x00000000d7100000, 0x00000000d7100000, 0x00000000d7200000|  0%| F|  |TAMS 0x00000000d7100000| PB 0x00000000d7100000| Untracked 
| 370|0x00000000d7200000, 0x00000000d7200000, 0x00000000d7300000|  0%| F|  |TAMS 0x00000000d7200000| PB 0x00000000d7200000| Untracked 
| 371|0x00000000d7300000, 0x00000000d7300000, 0x00000000d7400000|  0%| F|  |TAMS 0x00000000d7300000| PB 0x00000000d7300000| Untracked 
| 372|0x00000000d7400000, 0x00000000d7400000, 0x00000000d7500000|  0%| F|  |TAMS 0x00000000d7400000| PB 0x00000000d7400000| Untracked 
| 373|0x00000000d7500000, 0x00000000d7500000, 0x00000000d7600000|  0%| F|  |TAMS 0x00000000d7500000| PB 0x00000000d7500000| Untracked 
| 374|0x00000000d7600000, 0x00000000d7600000, 0x00000000d7700000|  0%| F|  |TAMS 0x00000000d7600000| PB 0x00000000d7600000| Untracked 
| 375|0x00000000d7700000, 0x00000000d7700000, 0x00000000d7800000|  0%| F|  |TAMS 0x00000000d7700000| PB 0x00000000d7700000| Untracked 
| 376|0x00000000d7800000, 0x00000000d7800000, 0x00000000d7900000|  0%| F|  |TAMS 0x00000000d7800000| PB 0x00000000d7800000| Untracked 
| 377|0x00000000d7900000, 0x00000000d7900000, 0x00000000d7a00000|  0%| F|  |TAMS 0x00000000d7900000| PB 0x00000000d7900000| Untracked 
| 378|0x00000000d7a00000, 0x00000000d7a00000, 0x00000000d7b00000|  0%| F|  |TAMS 0x00000000d7a00000| PB 0x00000000d7a00000| Untracked 
| 379|0x00000000d7b00000, 0x00000000d7b00000, 0x00000000d7c00000|  0%| F|  |TAMS 0x00000000d7b00000| PB 0x00000000d7b00000| Untracked 
| 380|0x00000000d7c00000, 0x00000000d7c00000, 0x00000000d7d00000|  0%| F|  |TAMS 0x00000000d7c00000| PB 0x00000000d7c00000| Untracked 
| 381|0x00000000d7d00000, 0x00000000d7d00000, 0x00000000d7e00000|  0%| F|  |TAMS 0x00000000d7d00000| PB 0x00000000d7d00000| Untracked 
| 382|0x00000000d7e00000, 0x00000000d7e00000, 0x00000000d7f00000|  0%| F|  |TAMS 0x00000000d7e00000| PB 0x00000000d7e00000| Untracked 
| 383|0x00000000d7f00000, 0x00000000d7f00000, 0x00000000d8000000|  0%| F|  |TAMS 0x00000000d7f00000| PB 0x00000000d7f00000| Untracked 
| 384|0x00000000d8000000, 0x00000000d8000000, 0x00000000d8100000|  0%| F|  |TAMS 0x00000000d8000000| PB 0x00000000d8000000| Untracked 
| 385|0x00000000d8100000, 0x00000000d8100000, 0x00000000d8200000|  0%| F|  |TAMS 0x00000000d8100000| PB 0x00000000d8100000| Untracked 
| 386|0x00000000d8200000, 0x00000000d8200000, 0x00000000d8300000|  0%| F|  |TAMS 0x00000000d8200000| PB 0x00000000d8200000| Untracked 
| 387|0x00000000d8300000, 0x00000000d8300000, 0x00000000d8400000|  0%| F|  |TAMS 0x00000000d8300000| PB 0x00000000d8300000| Untracked 
| 388|0x00000000d8400000, 0x00000000d8400000, 0x00000000d8500000|  0%| F|  |TAMS 0x00000000d8400000| PB 0x00000000d8400000| Untracked 
| 389|0x00000000d8500000, 0x00000000d8500000, 0x00000000d8600000|  0%| F|  |TAMS 0x00000000d8500000| PB 0x00000000d8500000| Untracked 
| 390|0x00000000d8600000, 0x00000000d8600000, 0x00000000d8700000|  0%| F|  |TAMS 0x00000000d8600000| PB 0x00000000d8600000| Untracked 
| 391|0x00000000d8700000, 0x00000000d8700000, 0x00000000d8800000|  0%| F|  |TAMS 0x00000000d8700000| PB 0x00000000d8700000| Untracked 
| 392|0x00000000d8800000, 0x00000000d8800000, 0x00000000d8900000|  0%| F|  |TAMS 0x00000000d8800000| PB 0x00000000d8800000| Untracked 
| 393|0x00000000d8900000, 0x00000000d8900000, 0x00000000d8a00000|  0%| F|  |TAMS 0x00000000d8900000| PB 0x00000000d8900000| Untracked 
| 394|0x00000000d8a00000, 0x00000000d8a00000, 0x00000000d8b00000|  0%| F|  |TAMS 0x00000000d8a00000| PB 0x00000000d8a00000| Untracked 
| 395|0x00000000d8b00000, 0x00000000d8b00000, 0x00000000d8c00000|  0%| F|  |TAMS 0x00000000d8b00000| PB 0x00000000d8b00000| Untracked 
| 396|0x00000000d8c00000, 0x00000000d8c00000, 0x00000000d8d00000|  0%| F|  |TAMS 0x00000000d8c00000| PB 0x00000000d8c00000| Untracked 
| 397|0x00000000d8d00000, 0x00000000d8d00000, 0x00000000d8e00000|  0%| F|  |TAMS 0x00000000d8d00000| PB 0x00000000d8d00000| Untracked 
| 398|0x00000000d8e00000, 0x00000000d8e00000, 0x00000000d8f00000|  0%| F|  |TAMS 0x00000000d8e00000| PB 0x00000000d8e00000| Untracked 
| 399|0x00000000d8f00000, 0x00000000d8f00000, 0x00000000d9000000|  0%| F|  |TAMS 0x00000000d8f00000| PB 0x00000000d8f00000| Untracked 
| 400|0x00000000d9000000, 0x00000000d9000000, 0x00000000d9100000|  0%| F|  |TAMS 0x00000000d9000000| PB 0x00000000d9000000| Untracked 
| 401|0x00000000d9100000, 0x00000000d9100000, 0x00000000d9200000|  0%| F|  |TAMS 0x00000000d9100000| PB 0x00000000d9100000| Untracked 
| 402|0x00000000d9200000, 0x00000000d9300000, 0x00000000d9300000|100%| E|  |TAMS 0x00000000d9200000| PB 0x00000000d9200000| Complete 
| 403|0x00000000d9300000, 0x00000000d9400000, 0x00000000d9400000|100%| E|CS|TAMS 0x00000000d9300000| PB 0x00000000d9300000| Complete 
| 404|0x00000000d9400000, 0x00000000d9500000, 0x00000000d9500000|100%| E|CS|TAMS 0x00000000d9400000| PB 0x00000000d9400000| Complete 
| 405|0x00000000d9500000, 0x00000000d9600000, 0x00000000d9600000|100%| E|CS|TAMS 0x00000000d9500000| PB 0x00000000d9500000| Complete 
| 406|0x00000000d9600000, 0x00000000d9700000, 0x00000000d9700000|100%| E|CS|TAMS 0x00000000d9600000| PB 0x00000000d9600000| Complete 
| 407|0x00000000d9700000, 0x00000000d9800000, 0x00000000d9800000|100%| E|CS|TAMS 0x00000000d9700000| PB 0x00000000d9700000| Complete 
| 408|0x00000000d9800000, 0x00000000d9900000, 0x00000000d9900000|100%| E|CS|TAMS 0x00000000d9800000| PB 0x00000000d9800000| Complete 
| 409|0x00000000d9900000, 0x00000000d9a00000, 0x00000000d9a00000|100%| E|CS|TAMS 0x00000000d9900000| PB 0x00000000d9900000| Complete 
| 410|0x00000000d9a00000, 0x00000000d9b00000, 0x00000000d9b00000|100%| E|CS|TAMS 0x00000000d9a00000| PB 0x00000000d9a00000| Complete 
| 411|0x00000000d9b00000, 0x00000000d9c00000, 0x00000000d9c00000|100%| E|CS|TAMS 0x00000000d9b00000| PB 0x00000000d9b00000| Complete 
| 412|0x00000000d9c00000, 0x00000000d9d00000, 0x00000000d9d00000|100%| E|CS|TAMS 0x00000000d9c00000| PB 0x00000000d9c00000| Complete 
|1008|0x00000000ff000000, 0x00000000ff100000, 0x00000000ff100000|100%| O|  |TAMS 0x00000000ff100000| PB 0x00000000ff100000| Updating 
|1009|0x00000000ff100000, 0x00000000ff200000, 0x00000000ff200000|100%| E|CS|TAMS 0x00000000ff100000| PB 0x00000000ff100000| Complete 
|1010|0x00000000ff200000, 0x00000000ff300000, 0x00000000ff300000|100%| O|  |TAMS 0x00000000ff300000| PB 0x00000000ff300000| Updating 
|1011|0x00000000ff300000, 0x00000000ff400000, 0x00000000ff400000|100%| O|  |TAMS 0x00000000ff400000| PB 0x00000000ff400000| Untracked 
|1012|0x00000000ff400000, 0x00000000ff500000, 0x00000000ff500000|100%| E|CS|TAMS 0x00000000ff400000| PB 0x00000000ff400000| Complete 
|1013|0x00000000ff500000, 0x00000000ff600000, 0x00000000ff600000|100%| O|  |TAMS 0x00000000ff600000| PB 0x00000000ff600000| Untracked 
|1014|0x00000000ff600000, 0x00000000ff700000, 0x00000000ff700000|100%| O|  |TAMS 0x00000000ff700000| PB 0x00000000ff700000| Untracked 
|1015|0x00000000ff700000, 0x00000000ff800000, 0x00000000ff800000|100%| O|  |TAMS 0x00000000ff800000| PB 0x00000000ff800000| Untracked 
|1016|0x00000000ff800000, 0x00000000ff900000, 0x00000000ff900000|100%| O|  |TAMS 0x00000000ff900000| PB 0x00000000ff900000| Untracked 
|1017|0x00000000ff900000, 0x00000000ffa00000, 0x00000000ffa00000|100%| O|  |TAMS 0x00000000ffa00000| PB 0x00000000ffa00000| Untracked 
|1018|0x00000000ffa00000, 0x00000000ffb00000, 0x00000000ffb00000|100%| O|  |TAMS 0x00000000ffb00000| PB 0x00000000ffb00000| Untracked 
|1019|0x00000000ffb00000, 0x00000000ffc00000, 0x00000000ffc00000|100%| O|  |TAMS 0x00000000ffc00000| PB 0x00000000ffc00000| Untracked 
|1020|0x00000000ffc00000, 0x00000000ffd00000, 0x00000000ffd00000|100%| O|  |TAMS 0x00000000ffd00000| PB 0x00000000ffd00000| Untracked 
|1021|0x00000000ffd00000, 0x00000000ffe00000, 0x00000000ffe00000|100%| O|  |TAMS 0x00000000ffe00000| PB 0x00000000ffe00000| Untracked 
|1022|0x00000000ffe00000, 0x00000000fff00000, 0x00000000fff00000|100%| O|  |TAMS 0x00000000fff00000| PB 0x00000000fff00000| Untracked 
|1023|0x00000000fff00000, 0x0000000100000000, 0x0000000100000000|100%| O|  |TAMS 0x0000000100000000| PB 0x0000000100000000| Untracked 

Card table byte_map: [0x000001bbd1a20000,0x000001bbd1c20000] _byte_map_base: 0x000001bbd1420000

Marking Bits: (CMBitMap*) 0x000001bbc604c300
 Bits: [0x000001bbd1c20000, 0x000001bbd2c20000)

Polling page: 0x000001bbc3d00000

Metaspace:

Usage:
  Non-class:    199.04 MB used.
      Class:     30.86 MB used.
       Both:    229.90 MB used.

Virtual space:
  Non-class space:      256.00 MB reserved,     200.50 MB ( 78%) committed,  4 nodes.
      Class space:        1.00 GB reserved,      32.19 MB (  3%) committed,  1 nodes.
             Both:        1.25 GB reserved,     232.69 MB ( 18%) committed. 

Chunk freelists:
   Non-Class:  7.38 MB
       Class:  15.81 MB
        Both:  23.19 MB

MaxMetaspaceSize: unlimited
CompressedClassSpaceSize: 1.00 GB
Initial GC threshold: 21.00 MB
Current GC threshold: 381.06 MB
CDS: on
 - commit_granule_bytes: 65536.
 - commit_granule_words: 8192.
 - virtual_space_node_default_size: 8388608.
 - enlarge_chunks_in_place: 1.
 - use_allocation_guard: 0.


Internal statistics:

num_allocs_failed_limit: 6.
num_arena_births: 5088.
num_arena_deaths: 10.
num_vsnodes_births: 5.
num_vsnodes_deaths: 0.
num_space_committed: 3817.
num_space_uncommitted: 33.
num_chunks_returned_to_freelist: 280.
num_chunks_taken_from_freelist: 14818.
num_chunk_merges: 101.
num_chunk_splits: 10815.
num_chunks_enlarged: 8170.
num_inconsistent_stats: 0.

CodeCache: size=49152Kb used=27954Kb max_used=33722Kb free=21197Kb
 bounds [0x000001bbce700000, 0x000001bbd07f0000, 0x000001bbd1700000]
 total_blobs=10982 nmethods=9661 adapters=1235
 compilation: enabled
              stopped_count=0, restarted_count=0
 full_count=0

Compilation events (20 events):
Event: 94.232 Thread 0x000001bbedb33450 41565       1       org.jetbrains.kotlin.backend.jvm.extensions.JvmIrDeclarationOriginKt::findPsiElementForDeclarationOrigin (269 bytes)
Event: 94.232 Thread 0x000001bbedb31fe0 41566       1       org.jetbrains.kotlin.ir.PsiSourceManager::findPsiElement (16 bytes)
Event: 94.232 Thread 0x000001bbd5710050 41567       1       org.jetbrains.kotlin.ir.PsiSourceManager::findPsiElement (31 bytes)
Event: 94.233 Thread 0x000001bbd5710050 nmethod 41567 0x000001bbd07e6f90 code [0x000001bbd07e7220, 0x000001bbd07e7858]
Event: 94.233 Thread 0x000001bbd5710050 41568       1       org.jetbrains.kotlin.ir.PsiSourceManager::findPsiElement (49 bytes)
Event: 94.233 Thread 0x000001bbedb31fe0 nmethod 41566 0x000001bbd07e7c90 code [0x000001bbd07e7f40, 0x000001bbd07e8700]
Event: 94.234 Thread 0x000001bbedb31fe0 41569       1       org.jetbrains.kotlin.backend.jvm.extensions.JvmIrDeclarationOrigin::<init> (31 bytes)
Event: 94.234 Thread 0x000001bbef50c280 nmethod 41564 0x000001bbd07e8c10 code [0x000001bbd07e8f40, 0x000001bbd07e9d08]
Event: 94.234 Thread 0x000001bbd5710050 nmethod 41568 0x000001bbd07ea190 code [0x000001bbd07ea3c0, 0x000001bbd07ea890]
Event: 94.234 Thread 0x000001bbedb31fe0 nmethod 41569 0x000001bbd07eab90 code [0x000001bbd07eadc0, 0x000001bbd07eb390]
Event: 94.234 Thread 0x000001bbd5710050 41570       1       org.jetbrains.kotlin.fir.declarations.impl.FirPrimaryConstructor::getSymbol (8 bytes)
Event: 94.234 Thread 0x000001bbd5710050 nmethod 41570 0x000001bbd07eb690 code [0x000001bbd07eb820, 0x000001bbd07eb8e8]
Event: 94.235 Thread 0x000001bbedb33450 nmethod 41565 0x000001bbd07eb990 code [0x000001bbd07ebe40, 0x000001bbd07ed298]
Event: 94.235 Thread 0x000001bbef50c280 41571       1       org.jetbrains.kotlin.codegen.serialization.JvmSerializationBindings::get (28 bytes)
Event: 94.235 Thread 0x000001bbedb31fe0 41572       1       org.jetbrains.kotlin.util.slicedMap.SlicedMapImpl::get (68 bytes)
Event: 94.235 Thread 0x000001bbedb33450 41573       1       org.jetbrains.kotlin.util.slicedMap.BasicWritableSlice::computeValue (25 bytes)
Event: 94.235 Thread 0x000001bbedb33450 nmethod 41573 0x000001bbd07ede10 code [0x000001bbd07edfa0, 0x000001bbd07ee070]
Event: 94.235 Thread 0x000001bbef50c280 nmethod 41571 0x000001bbd07ee110 code [0x000001bbd07ee2e0, 0x000001bbd07ee478]
Event: 94.236 Thread 0x000001bbedb31fe0 nmethod 41572 0x000001bbd07ee590 code [0x000001bbd07ee760, 0x000001bbd07eea08]
Event: 94.236 Thread 0x000001bbedb31fe0 41574       1       org.jetbrains.kotlin.fir.backend.jvm.FirJvmSerializerExtension::serializeAnnotations (150 bytes)

GC Heap History (20 events):
Event: 75.009 GC heap before
{Heap before GC invocations=83 (full 0):
 garbage-first heap   total 362496K, used 323542K [0x00000000c0000000, 0x0000000100000000)
  region size 1024K, 183 young (187392K), 11 survivors (11264K)
 Metaspace       used 192297K, committed 195072K, reserved 1245184K
  class space    used 26540K, committed 27904K, reserved 1048576K
}
Event: 75.019 GC heap after
{Heap after GC invocations=84 (full 0):
 garbage-first heap   total 362496K, used 163096K [0x00000000c0000000, 0x0000000100000000)
  region size 1024K, 23 young (23552K), 23 survivors (23552K)
 Metaspace       used 192297K, committed 195072K, reserved 1245184K
  class space    used 26540K, committed 27904K, reserved 1048576K
}
Event: 76.169 GC heap before
{Heap before GC invocations=84 (full 0):
 garbage-first heap   total 362496K, used 311576K [0x00000000c0000000, 0x0000000100000000)
  region size 1024K, 168 young (172032K), 23 survivors (23552K)
 Metaspace       used 205736K, committed 208512K, reserved 1245184K
  class space    used 28075K, committed 29440K, reserved 1048576K
}
Event: 76.185 GC heap after
{Heap after GC invocations=85 (full 0):
 garbage-first heap   total 363520K, used 191241K [0x00000000c0000000, 0x0000000100000000)
  region size 1024K, 22 young (22528K), 22 survivors (22528K)
 Metaspace       used 205736K, committed 208512K, reserved 1245184K
  class space    used 28075K, committed 29440K, reserved 1048576K
}
Event: 81.185 GC heap before
{Heap before GC invocations=86 (full 0):
 garbage-first heap   total 363520K, used 281353K [0x00000000c0000000, 0x0000000100000000)
  region size 1024K, 111 young (113664K), 22 survivors (22528K)
 Metaspace       used 211167K, committed 214016K, reserved 1245184K
  class space    used 28815K, committed 30208K, reserved 1048576K
}
Event: 81.198 GC heap after
{Heap after GC invocations=87 (full 0):
 garbage-first heap   total 363520K, used 210937K [0x00000000c0000000, 0x0000000100000000)
  region size 1024K, 17 young (17408K), 17 survivors (17408K)
 Metaspace       used 211167K, committed 214016K, reserved 1245184K
  class space    used 28815K, committed 30208K, reserved 1048576K
}
Event: 84.746 GC heap before
{Heap before GC invocations=88 (full 0):
 garbage-first heap   total 363520K, used 266233K [0x00000000c0000000, 0x0000000100000000)
  region size 1024K, 72 young (73728K), 17 survivors (17408K)
 Metaspace       used 214269K, committed 217088K, reserved 1245184K
  class space    used 29249K, committed 30656K, reserved 1048576K
}
Event: 84.754 GC heap after
{Heap after GC invocations=89 (full 0):
 garbage-first heap   total 363520K, used 221184K [0x00000000c0000000, 0x0000000100000000)
  region size 1024K, 10 young (10240K), 10 survivors (10240K)
 Metaspace       used 214269K, committed 217088K, reserved 1245184K
  class space    used 29249K, committed 30656K, reserved 1048576K
}
Event: 87.561 GC heap before
{Heap before GC invocations=90 (full 0):
 garbage-first heap   total 368640K, used 283648K [0x00000000c0000000, 0x0000000100000000)
  region size 1024K, 72 young (73728K), 10 survivors (10240K)
 Metaspace       used 216278K, committed 219072K, reserved 1245184K
  class space    used 29473K, committed 30848K, reserved 1048576K
}
Event: 87.580 GC heap after
{Heap after GC invocations=91 (full 0):
 garbage-first heap   total 368640K, used 231215K [0x00000000c0000000, 0x0000000100000000)
  region size 1024K, 10 young (10240K), 10 survivors (10240K)
 Metaspace       used 216278K, committed 219072K, reserved 1245184K
  class space    used 29473K, committed 30848K, reserved 1048576K
}
Event: 89.129 GC heap before
{Heap before GC invocations=92 (full 0):
 garbage-first heap   total 386048K, used 293679K [0x00000000c0000000, 0x0000000100000000)
  region size 1024K, 72 young (73728K), 10 survivors (10240K)
 Metaspace       used 216624K, committed 219456K, reserved 1245184K
  class space    used 29537K, committed 30912K, reserved 1048576K
}
Event: 89.146 GC heap after
{Heap after GC invocations=93 (full 0):
 garbage-first heap   total 386048K, used 242602K [0x00000000c0000000, 0x0000000100000000)
  region size 1024K, 12 young (12288K), 12 survivors (12288K)
 Metaspace       used 216624K, committed 219456K, reserved 1245184K
  class space    used 29537K, committed 30912K, reserved 1048576K
}
Event: 91.218 GC heap before
{Heap before GC invocations=94 (full 0):
 garbage-first heap   total 406528K, used 311210K [0x00000000c0000000, 0x0000000100000000)
  region size 1024K, 81 young (82944K), 12 survivors (12288K)
 Metaspace       used 222684K, committed 225472K, reserved 1245184K
  class space    used 30126K, committed 31488K, reserved 1048576K
}
Event: 91.233 GC heap after
{Heap after GC invocations=95 (full 0):
 garbage-first heap   total 406528K, used 252122K [0x00000000c0000000, 0x0000000100000000)
  region size 1024K, 10 young (10240K), 10 survivors (10240K)
 Metaspace       used 222684K, committed 225472K, reserved 1245184K
  class space    used 30126K, committed 31488K, reserved 1048576K
}
Event: 92.107 GC heap before
{Heap before GC invocations=96 (full 0):
 garbage-first heap   total 421888K, used 303322K [0x00000000c0000000, 0x0000000100000000)
  region size 1024K, 61 young (62464K), 10 survivors (10240K)
 Metaspace       used 226167K, committed 228992K, reserved 1310720K
  class space    used 30545K, committed 31936K, reserved 1048576K
}
Event: 92.116 GC heap after
{Heap after GC invocations=97 (full 0):
 garbage-first heap   total 421888K, used 259267K [0x00000000c0000000, 0x0000000100000000)
  region size 1024K, 7 young (7168K), 7 survivors (7168K)
 Metaspace       used 226167K, committed 228992K, reserved 1310720K
  class space    used 30545K, committed 31936K, reserved 1048576K
}
Event: 92.994 GC heap before
{Heap before GC invocations=98 (full 0):
 garbage-first heap   total 434176K, used 313539K [0x00000000c0000000, 0x0000000100000000)
  region size 1024K, 61 young (62464K), 7 survivors (7168K)
 Metaspace       used 231137K, committed 233984K, reserved 1310720K
  class space    used 31169K, committed 32576K, reserved 1048576K
}
Event: 93.001 GC heap after
{Heap after GC invocations=99 (full 0):
 garbage-first heap   total 434176K, used 262839K [0x00000000c0000000, 0x0000000100000000)
  region size 1024K, 10 young (10240K), 10 survivors (10240K)
 Metaspace       used 231137K, committed 233984K, reserved 1310720K
  class space    used 31169K, committed 32576K, reserved 1048576K
}
Event: 94.015 GC heap before
{Heap before GC invocations=100 (full 0):
 garbage-first heap   total 439296K, used 317111K [0x00000000c0000000, 0x0000000100000000)
  region size 1024K, 64 young (65536K), 10 survivors (10240K)
 Metaspace       used 235309K, committed 238208K, reserved 1310720K
  class space    used 31580K, committed 32960K, reserved 1048576K
}
Event: 94.024 GC heap after
{Heap after GC invocations=101 (full 0):
 garbage-first heap   total 439296K, used 265482K [0x00000000c0000000, 0x0000000100000000)
  region size 1024K, 8 young (8192K), 8 survivors (8192K)
 Metaspace       used 235309K, committed 238208K, reserved 1310720K
  class space    used 31580K, committed 32960K, reserved 1048576K
}

Dll operation events (16 events):
Event: 0.034 Loaded shared library D:\Apps\cineversemvicleanarchitecture\.gradle\jdks\eclipse_adoptium-21-amd64-windows.2\bin\java.dll
Event: 0.156 Loaded shared library D:\Apps\cineversemvicleanarchitecture\.gradle\jdks\eclipse_adoptium-21-amd64-windows.2\bin\zip.dll
Event: 0.161 Loaded shared library D:\Apps\cineversemvicleanarchitecture\.gradle\jdks\eclipse_adoptium-21-amd64-windows.2\bin\instrument.dll
Event: 0.167 Loaded shared library D:\Apps\cineversemvicleanarchitecture\.gradle\jdks\eclipse_adoptium-21-amd64-windows.2\bin\net.dll
Event: 0.170 Loaded shared library D:\Apps\cineversemvicleanarchitecture\.gradle\jdks\eclipse_adoptium-21-amd64-windows.2\bin\nio.dll
Event: 0.173 Loaded shared library D:\Apps\cineversemvicleanarchitecture\.gradle\jdks\eclipse_adoptium-21-amd64-windows.2\bin\zip.dll
Event: 0.336 Loaded shared library D:\Apps\cineversemvicleanarchitecture\.gradle\jdks\eclipse_adoptium-21-amd64-windows.2\bin\jimage.dll
Event: 0.594 Loaded shared library D:\Apps\cineversemvicleanarchitecture\.gradle\jdks\eclipse_adoptium-21-amd64-windows.2\bin\verify.dll
Event: 0.643 Loaded shared library D:\Apps\cineversemvicleanarchitecture\.gradle\native\660c5614fbf4a5f2a75b1949f50a0caf5cd603558e7d8a26e50b933a0cfb79d1\windows-amd64\native-platform.dll
Event: 0.660 Loaded shared library D:\Apps\cineversemvicleanarchitecture\.gradle\native\0.2.8\x86_64-windows-gnu\gradle-fileevents.dll
Event: 1.785 Loaded shared library D:\Apps\cineversemvicleanarchitecture\.gradle\jdks\eclipse_adoptium-21-amd64-windows.2\bin\management.dll
Event: 1.789 Loaded shared library D:\Apps\cineversemvicleanarchitecture\.gradle\jdks\eclipse_adoptium-21-amd64-windows.2\bin\management_ext.dll
Event: 1.934 Loaded shared library D:\Apps\cineversemvicleanarchitecture\.gradle\jdks\eclipse_adoptium-21-amd64-windows.2\bin\extnet.dll
Event: 2.188 Loaded shared library D:\Apps\cineversemvicleanarchitecture\.gradle\jdks\eclipse_adoptium-21-amd64-windows.2\bin\sunmscapi.dll
Event: 25.512 Loaded shared library D:\Apps\cineversemvicleanarchitecture\.gradle\jdks\eclipse_adoptium-21-amd64-windows.2\bin\awt.dll
Event: 48.987 Loaded shared library D:\Apps\cineversemvicleanarchitecture\.gradle\jdks\eclipse_adoptium-21-amd64-windows.2\bin\rmi.dll

Deoptimization events (20 events):
Event: 19.137 Thread 0x000001bbdc7024f0 DEOPT PACKING pc=0x000001bbcf3d6e44 sp=0x000000058aafa3a0
Event: 19.137 Thread 0x000001bbdc7024f0 DEOPT UNPACKING pc=0x000001bbce7588e2 sp=0x000000058aaf98a8 mode 0
Event: 19.137 Thread 0x000001bbdc7024f0 DEOPT PACKING pc=0x000001bbcf3d6e44 sp=0x000000058aafa750
Event: 19.137 Thread 0x000001bbdc7024f0 DEOPT UNPACKING pc=0x000001bbce7588e2 sp=0x000000058aaf9c58 mode 0
Event: 19.137 Thread 0x000001bbdc7024f0 DEOPT PACKING pc=0x000001bbcf3d6e44 sp=0x000000058aafab00
Event: 19.137 Thread 0x000001bbdc7024f0 DEOPT UNPACKING pc=0x000001bbce7588e2 sp=0x000000058aafa008 mode 0
Event: 22.191 Thread 0x000001bbdbc79e20 DEOPT PACKING pc=0x000001bbcf0a70ec sp=0x00000005897ff0f0
Event: 22.191 Thread 0x000001bbdbc79e20 DEOPT UNPACKING pc=0x000001bbce7588e2 sp=0x00000005897fe658 mode 0
Event: 27.277 Thread 0x000001bbdde9e7d0 DEOPT PACKING pc=0x000001bbcfc51074 sp=0x00000005885f7f20
Event: 27.277 Thread 0x000001bbdde9e7d0 DEOPT UNPACKING pc=0x000001bbce7588e2 sp=0x00000005885f7530 mode 0
Event: 27.514 Thread 0x000001bbdde9e7d0 DEOPT PACKING pc=0x000001bbcfceb53c sp=0x00000005885f7970
Event: 27.514 Thread 0x000001bbdde9e7d0 DEOPT UNPACKING pc=0x000001bbce7588e2 sp=0x00000005885f6f40 mode 0
Event: 28.722 Thread 0x000001bbdde9e7d0 DEOPT PACKING pc=0x000001bbcfbdc495 sp=0x00000005885f7f40
Event: 28.722 Thread 0x000001bbdde9e7d0 DEOPT UNPACKING pc=0x000001bbce7588e2 sp=0x00000005885f7518 mode 3
Event: 34.834 Thread 0x000001bbdde9e7d0 DEOPT PACKING pc=0x000001bbcf4226f4 sp=0x00000005885fe590
Event: 34.834 Thread 0x000001bbdde9e7d0 DEOPT UNPACKING pc=0x000001bbce7588e2 sp=0x00000005885fdb28 mode 0
Event: 84.375 Thread 0x000001bbef13b080 DEOPT PACKING pc=0x000001bbcfb356f4 sp=0x000000058aef6370
Event: 84.375 Thread 0x000001bbef13b080 DEOPT UNPACKING pc=0x000001bbce7588e2 sp=0x000000058aef5958 mode 0
Event: 84.375 Thread 0x000001bbef13b080 DEOPT PACKING pc=0x000001bbcf8c84a4 sp=0x000000058aef6660
Event: 84.375 Thread 0x000001bbef13b080 DEOPT UNPACKING pc=0x000001bbce7588e2 sp=0x000000058aef5ba8 mode 0

Classes loaded (20 events):
Event: 73.740 Loading class sun/reflect/annotation/AnnotationSupport
Event: 73.740 Loading class sun/reflect/annotation/AnnotationSupport done
Event: 74.497 Loading class java/nio/channels/NonWritableChannelException
Event: 74.497 Loading class java/nio/channels/NonWritableChannelException done
Event: 75.020 Loading class sun/rmi/transport/DGCClient$EndpointEntry$CleanRequest
Event: 75.020 Loading class sun/rmi/transport/DGCClient$EndpointEntry$CleanRequest done
Event: 75.574 Loading class java/text/StringCharacterIterator
Event: 75.574 Loading class java/text/CharacterIterator
Event: 75.574 Loading class java/text/CharacterIterator done
Event: 75.574 Loading class java/text/StringCharacterIterator done
Event: 84.485 Loading class java/util/stream/SortedOps$RefSortingSink
Event: 84.485 Loading class java/util/stream/SortedOps$RefSortingSink done
Event: 92.790 Loading class java/util/IdentityHashMap$EntrySet
Event: 92.790 Loading class java/util/IdentityHashMap$EntrySet done
Event: 92.790 Loading class java/util/IdentityHashMap$EntryIterator
Event: 92.790 Loading class java/util/IdentityHashMap$EntryIterator done
Event: 92.790 Loading class java/util/IdentityHashMap$EntryIterator$Entry
Event: 92.790 Loading class java/util/IdentityHashMap$EntryIterator$Entry done
Event: 93.655 Loading class java/util/Vector$Itr
Event: 93.656 Loading class java/util/Vector$Itr done

Classes unloaded (20 events):
Event: 37.628 Thread 0x000001bbd56e0820 Unloading class 0x000001bb82420b70 'dagger/hilt/processor/internal/BaseProcessingStep'
Event: 37.628 Thread 0x000001bbd56e0820 Unloading class 0x000001bb82420980 'dagger/spi/internal/shaded/androidx/room3/compiler/processing/XProcessingStep'
Event: 37.628 Thread 0x000001bbd56e0820 Unloading class 0x000001bb824206f8 'dagger/hilt/processor/internal/uninstallmodules/KspUninstallModulesProcessor'
Event: 37.628 Thread 0x000001bbd56e0820 Unloading class 0x000001bb82420470 'dagger/hilt/processor/internal/KspBaseProcessingStepProcessor'
Event: 37.628 Thread 0x000001bbd56e0820 Unloading class 0x000001bb824201f0 'dagger/spi/internal/shaded/androidx/room3/compiler/processing/ksp/KspBasicAnnotationProcessor'
Event: 37.628 Thread 0x000001bbd56e0820 Unloading class 0x000001bb82420000 'dagger/spi/internal/shaded/androidx/room3/compiler/processing/XBasicAnnotationProcessor'
Event: 37.628 Thread 0x000001bbd56e0820 Unloading class 0x000001bb81eb9c60 'dagger/internal/codegen/KspComponentProcessor$Provider'
Event: 37.628 Thread 0x000001bbd56e0820 Unloading class 0x000001bb81eb9a50 'dagger/hilt/processor/internal/root/KspComponentTreeDepsProcessor$Provider'
Event: 37.628 Thread 0x000001bbd56e0820 Unloading class 0x000001bb81eb9840 'dagger/hilt/android/processor/internal/customtestapplication/KspCustomTestApplicationProcessor$Provider'
Event: 37.628 Thread 0x000001bbd56e0820 Unloading class 0x000001bb81eb9630 'dagger/hilt/android/processor/internal/androidentrypoint/KspAndroidEntryPointProcessor$Provider'
Event: 37.628 Thread 0x000001bbd56e0820 Unloading class 0x000001bb81eb9420 'dagger/hilt/processor/internal/root/KspRootProcessor$Provider'
Event: 37.628 Thread 0x000001bbd56e0820 Unloading class 0x000001bb81eb9210 'dagger/hilt/processor/internal/definecomponent/KspDefineComponentProcessor$Provider'
Event: 37.628 Thread 0x000001bbd56e0820 Unloading class 0x000001bb81eb9000 'dagger/hilt/android/processor/internal/bindvalue/KspBindValueProcessor$Provider'
Event: 37.628 Thread 0x000001bbd56e0820 Unloading class 0x000001bb81eb8c60 'dagger/hilt/processor/internal/aliasof/KspAliasOfProcessor$Provider'
Event: 37.628 Thread 0x000001bbd56e0820 Unloading class 0x000001bb81eb8a50 'dagger/hilt/processor/internal/earlyentrypoint/KspEarlyEntryPointProcessor$Provider'
Event: 37.628 Thread 0x000001bbd56e0820 Unloading class 0x000001bb81eb8840 'dagger/hilt/processor/internal/originatingelement/KspOriginatingElementProcessor$Provider'
Event: 37.628 Thread 0x000001bbd56e0820 Unloading class 0x000001bb81eb8630 'dagger/hilt/android/processor/internal/viewmodel/KspViewModelProcessor$Provider'
Event: 37.628 Thread 0x000001bbd56e0820 Unloading class 0x000001bb81eb8420 'dagger/hilt/processor/internal/generatesrootinput/KspGeneratesRootInputProcessor$Provider'
Event: 37.628 Thread 0x000001bbd56e0820 Unloading class 0x000001bb81eb8210 'dagger/hilt/processor/internal/aggregateddeps/KspAggregatedDepsProcessor$Provider'
Event: 37.628 Thread 0x000001bbd56e0820 Unloading class 0x000001bb81eb8000 'dagger/hilt/processor/internal/uninstallmodules/KspUninstallModulesProcessor$Provider'

Classes redefined (0 events):
No events

Internal exceptions (20 events):
Event: 90.419 Thread 0x000001bbef13b080 Exception <a 'java/lang/NoSuchMethodError'{0x00000000d6041768}: 'java.lang.Object java.lang.invoke.DirectMethodHandle$Holder.invokeSpecial(java.lang.Object, java.lang.Object, java.lang.Object, java.lang.Object, java.lang.Object, java.lang.Object, java.lang.Object, java.lang.Object, int)'> (0x00000000d6041768) 
thrown [s\src\hotspot\share\interpreter\linkResolver.cpp, line 773]
Event: 90.420 Thread 0x000001bbef13b080 Exception <a 'java/lang/NoSuchMethodError'{0x00000000d6045998}: 'java.lang.Object java.lang.invoke.Invokers$Holder.linkToTargetMethod(java.lang.Object, java.lang.Object, java.lang.Object, java.lang.Object, java.lang.Object, java.lang.Object, int, java.lang.Object)'> (0x00000000d6045998) 
thrown [s\src\hotspot\share\interpreter\linkResolver.cpp, line 773]
Event: 91.694 Thread 0x000001bbef13b080 Exception <a 'java/lang/NoSuchMethodError'{0x00000000d82ef978}: 'java.lang.Object java.lang.invoke.DirectMethodHandle$Holder.invokeStatic(java.lang.Object, java.lang.Object, int, java.lang.Object, java.lang.Object)'> (0x00000000d82ef978) 
thrown [s\src\hotspot\share\interpreter\linkResolver.cpp, line 773]
Event: 92.042 Thread 0x000001bbef13b080 Exception <a 'java/lang/NoSuchMethodError'{0x00000000d5fcf690}: 'java.lang.Object java.lang.invoke.DirectMethodHandle$Holder.invokeStatic(java.lang.Object, java.lang.Object, java.lang.Object, java.lang.Object, java.lang.Object, int, java.lang.Object, java.lang.Object)'> (0x00000000d5fcf690) 
thrown [s\src\hotspot\share\interpreter\linkResolver.cpp, line 773]
Event: 92.077 Thread 0x000001bbef13b080 Exception <a 'java/lang/NoSuchMethodError'{0x00000000d5dee730}: 'java.lang.Object java.lang.invoke.DirectMethodHandle$Holder.invokeStatic(java.lang.Object, java.lang.Object, int, int, java.lang.Object, java.lang.Object)'> (0x00000000d5dee730) 
thrown [s\src\hotspot\share\interpreter\linkResolver.cpp, line 773]
Event: 92.297 Thread 0x000001bbef13b080 Exception <a 'java/lang/NoSuchMethodError'{0x00000000d82d1420}: 'java.lang.Object java.lang.invoke.DirectMethodHandle$Holder.newInvokeSpecial(java.lang.Object, int, java.lang.Object, int)'> (0x00000000d82d1420) 
thrown [s\src\hotspot\share\interpreter\linkResolver.cpp, line 773]
Event: 92.297 Thread 0x000001bbef13b080 Exception <a 'java/lang/NoSuchMethodError'{0x00000000d82d5228}: 'java.lang.Object java.lang.invoke.DirectMethodHandle$Holder.invokeSpecial(java.lang.Object, java.lang.Object, int, java.lang.Object, int)'> (0x00000000d82d5228) 
thrown [s\src\hotspot\share\interpreter\linkResolver.cpp, line 773]
Event: 92.738 Thread 0x000001bbef13b080 Exception <a 'java/lang/NoSuchMethodError'{0x00000000d731a5f8}: 'java.lang.Object java.lang.invoke.DirectMethodHandle$Holder.newInvokeSpecial(java.lang.Object, java.lang.Object, java.lang.Object, java.lang.Object, int, int, int, java.lang.Object)'> (0x00000000d731a5f8) 
thrown [s\src\hotspot\share\interpreter\linkResolver.cpp, line 773]
Event: 92.805 Thread 0x000001bbef13b080 Exception <a 'java/lang/NoSuchMethodError'{0x00000000d6e16b80}: 'java.lang.Object java.lang.invoke.DirectMethodHandle$Holder.invokeStatic(java.lang.Object, java.lang.Object, java.lang.Object, java.lang.Object, int, java.lang.Object)'> (0x00000000d6e16b80) 
thrown [s\src\hotspot\share\interpreter\linkResolver.cpp, line 773]
Event: 92.809 Thread 0x000001bbef13b080 Exception <a 'java/lang/NoSuchMethodError'{0x00000000d6e3ba08}: 'java.lang.Object java.lang.invoke.DirectMethodHandle$Holder.newInvokeSpecial(java.lang.Object, java.lang.Object, java.lang.Object, java.lang.Object, java.lang.Object, int, int)'> (0x00000000d6e3ba08) 
thrown [s\src\hotspot\share\interpreter\linkResolver.cpp, line 773]
Event: 92.810 Thread 0x000001bbef13b080 Exception <a 'java/lang/NoSuchMethodError'{0x00000000d6e3fef0}: 'java.lang.Object java.lang.invoke.DirectMethodHandle$Holder.invokeSpecial(java.lang.Object, java.lang.Object, java.lang.Object, java.lang.Object, java.lang.Object, java.lang.Object, int, int)'> (0x00000000d6e3fef0) 
thrown [s\src\hotspot\share\interpreter\linkResolver.cpp, line 773]
Event: 92.810 Thread 0x000001bbef13b080 Exception <a 'java/lang/NoSuchMethodError'{0x00000000d6e43b88}: 'java.lang.Object java.lang.invoke.Invokers$Holder.linkToTargetMethod(java.lang.Object, java.lang.Object, java.lang.Object, java.lang.Object, int, int, java.lang.Object)'> (0x00000000d6e43b88) 
thrown [s\src\hotspot\share\interpreter\linkResolver.cpp, line 773]
Event: 92.930 Thread 0x000001bbef13b080 Exception <a 'java/lang/NoSuchMethodError'{0x00000000d67b9e98}: 'java.lang.Object java.lang.invoke.DirectMethodHandle$Holder.newInvokeSpecial(java.lang.Object, java.lang.Object, java.lang.Object, java.lang.Object, java.lang.Object, java.lang.Object, int, java.lang.Object)'> (0x00000000d67b9e98) 
thrown [s\src\hotspot\share\interpreter\linkResolver.cpp, line 773]
Event: 92.930 Thread 0x000001bbef13b080 Exception <a 'java/lang/NoSuchMethodError'{0x00000000d67be680}: 'java.lang.Object java.lang.invoke.DirectMethodHandle$Holder.invokeSpecial(java.lang.Object, java.lang.Object, java.lang.Object, java.lang.Object, java.lang.Object, java.lang.Object, java.lang.Object, int, java.lang.Object)'> (0x00000000d67be680) 
thrown [s\src\hotspot\share\interpreter\linkResolver.cpp, line 773]
Event: 92.930 Thread 0x000001bbef13b080 Exception <a 'java/lang/NoSuchMethodError'{0x00000000d67c2600}: 'java.lang.Object java.lang.invoke.Invokers$Holder.linkToTargetMethod(java.lang.Object, java.lang.Object, java.lang.Object, java.lang.Object, java.lang.Object, int, java.lang.Object, java.lang.Object)'> (0x00000000d67c2600) 
thrown [s\src\hotspot\share\interpreter\linkResolver.cpp, line 773]
Event: 93.529 Thread 0x000001bbef13b080 Exception <a 'java/lang/NoSuchMethodError'{0x00000000d82b5f00}: 'java.lang.Object java.lang.invoke.DirectMethodHandle$Holder.invokeStatic(java.lang.Object, int, int)'> (0x00000000d82b5f00) 
thrown [s\src\hotspot\share\interpreter\linkResolver.cpp, line 773]
Event: 93.572 Thread 0x000001bbef13b080 Exception <a 'java/lang/NoSuchMethodError'{0x00000000d7f6f220}: 'java.lang.Object java.lang.invoke.DirectMethodHandle$Holder.newInvokeSpecial(java.lang.Object, java.lang.Object, java.lang.Object, java.lang.Object, java.lang.Object, int, java.lang.Object)'> (0x00000000d7f6f220) 
thrown [s\src\hotspot\share\interpreter\linkResolver.cpp, line 773]
Event: 93.573 Thread 0x000001bbef13b080 Exception <a 'java/lang/NoSuchMethodError'{0x00000000d7f73138}: 'java.lang.Object java.lang.invoke.DirectMethodHandle$Holder.invokeSpecial(java.lang.Object, java.lang.Object, java.lang.Object, java.lang.Object, java.lang.Object, java.lang.Object, int, java.lang.Object)'> (0x00000000d7f73138) 
thrown [s\src\hotspot\share\interpreter\linkResolver.cpp, line 773]
Event: 93.573 Thread 0x000001bbef13b080 Exception <a 'java/lang/NoSuchMethodError'{0x00000000d7f768b8}: 'java.lang.Object java.lang.invoke.Invokers$Holder.linkToTargetMethod(java.lang.Object, java.lang.Object, java.lang.Object, java.lang.Object, int, java.lang.Object, java.lang.Object)'> (0x00000000d7f768b8) 
thrown [s\src\hotspot\share\interpreter\linkResolver.cpp, line 773]
Event: 93.628 Thread 0x000001bbef13b080 Exception <a 'java/lang/NoSuchMethodError'{0x00000000d7cb0228}: 'java.lang.Object java.lang.invoke.DirectMethodHandle$Holder.invokeStatic(java.lang.Object, java.lang.Object, java.lang.Object, int, java.lang.Object, java.lang.Object, java.lang.Object, java.lang.Object)'> (0x00000000d7cb0228) 
thrown [s\src\hotspot\share\interpreter\linkResolver.cpp, line 773]

ZGC Phase Switch (0 events):
No events

VM Operations (20 events):
Event: 93.537 Executing VM operation: HandshakeAllThreads (Deoptimize) done
Event: 93.577 Executing VM operation: HandshakeAllThreads (Deoptimize)
Event: 93.577 Executing VM operation: HandshakeAllThreads (Deoptimize) done
Event: 93.670 Executing VM operation: ICBufferFull
Event: 93.670 Executing VM operation: ICBufferFull done
Event: 93.699 Executing VM operation: HandshakeAllThreads (Deoptimize)
Event: 93.699 Executing VM operation: HandshakeAllThreads (Deoptimize) done
Event: 93.750 Executing VM operation: HandshakeAllThreads (Deoptimize)
Event: 93.750 Executing VM operation: HandshakeAllThreads (Deoptimize) done
Event: 93.774 Executing VM operation: HandshakeAllThreads (Deoptimize)
Event: 93.774 Executing VM operation: HandshakeAllThreads (Deoptimize) done
Event: 93.775 Executing VM operation: HandshakeAllThreads (Deoptimize)
Event: 93.775 Executing VM operation: HandshakeAllThreads (Deoptimize) done
Event: 93.790 Executing VM operation: ICBufferFull
Event: 93.790 Executing VM operation: ICBufferFull done
Event: 93.913 Executing VM operation: ICBufferFull
Event: 93.913 Executing VM operation: ICBufferFull done
Event: 94.015 Executing VM operation: G1TryInitiateConcMark (CodeCache GC Threshold)
Event: 94.024 Executing VM operation: G1TryInitiateConcMark (CodeCache GC Threshold) done
Event: 94.236 Executing VM operation: G1PauseRemark

Memory protections (0 events):
No events

Nmethod flushes (20 events):
Event: 94.251 Thread 0x000001bbd56e0820 flushing  nmethod 0x000001bbd02bf910
Event: 94.251 Thread 0x000001bbd56e0820 flushing  nmethod 0x000001bbd02c3390
Event: 94.251 Thread 0x000001bbd56e0820 flushing  nmethod 0x000001bbd033c290
Event: 94.251 Thread 0x000001bbd56e0820 flushing  nmethod 0x000001bbd033d410
Event: 94.251 Thread 0x000001bbd56e0820 flushing  nmethod 0x000001bbd033da90
Event: 94.251 Thread 0x000001bbd56e0820 flushing  nmethod 0x000001bbd0375d90
Event: 94.251 Thread 0x000001bbd56e0820 flushing  nmethod 0x000001bbd037af10
Event: 94.251 Thread 0x000001bbd56e0820 flushing  nmethod 0x000001bbd037ba10
Event: 94.251 Thread 0x000001bbd56e0820 flushing  nmethod 0x000001bbd037d610
Event: 94.251 Thread 0x000001bbd56e0820 flushing  nmethod 0x000001bbd037da10
Event: 94.251 Thread 0x000001bbd56e0820 flushing  nmethod 0x000001bbd037dd10
Event: 94.251 Thread 0x000001bbd56e0820 flushing  nmethod 0x000001bbd037e390
Event: 94.251 Thread 0x000001bbd56e0820 flushing  nmethod 0x000001bbd037e690
Event: 94.251 Thread 0x000001bbd56e0820 flushing  nmethod 0x000001bbd03df910
Event: 94.251 Thread 0x000001bbd56e0820 flushing  nmethod 0x000001bbd03e2f10
Event: 94.251 Thread 0x000001bbd56e0820 flushing  nmethod 0x000001bbd03e3f10
Event: 94.251 Thread 0x000001bbd56e0820 flushing  nmethod 0x000001bbd03e5e10
Event: 94.251 Thread 0x000001bbd56e0820 flushing  nmethod 0x000001bbd03ed090
Event: 94.251 Thread 0x000001bbd56e0820 flushing  nmethod 0x000001bbd066f610
Event: 94.251 Thread 0x000001bbd56e0820 flushing  nmethod 0x000001bbd067cd90

Events (20 events):
Event: 48.910 Thread 0x000001bbef2aed80 Thread exited: 0x000001bbef2aed80
Event: 48.910 Thread 0x000001bbdf4e15a0 Thread exited: 0x000001bbdf4e15a0
Event: 48.979 Thread 0x000001bbdde9e7d0 Thread added: 0x000001bbef2b07c0
Event: 48.985 Thread 0x000001bbdde9e7d0 Thread added: 0x000001bbef2b1b70
Event: 48.988 Thread 0x000001bbdde9e7d0 Thread added: 0x000001bbef2afaa0
Event: 49.038 Thread 0x000001bbd5710050 Thread added: 0x000001bbdf4e15a0
Event: 49.038 Thread 0x000001bbdf4e15a0 Thread added: 0x000001bbedb33450
Event: 49.061 Thread 0x000001bbdde9e7d0 Thread added: 0x000001bbef2b0130
Event: 49.062 Thread 0x000001bbdde9e7d0 Thread added: 0x000001bbef2aed80
Event: 49.123 Thread 0x000001bbef2b0130 Thread added: 0x000001bbef2b4960
Event: 52.119 Thread 0x000001bbedb33450 Thread exited: 0x000001bbedb33450
Event: 56.838 Thread 0x000001bbdf4e15a0 Thread exited: 0x000001bbdf4e15a0
Event: 73.496 Thread 0x000001bbd5710050 Thread added: 0x000001bbedb31fe0
Event: 73.496 Thread 0x000001bbd5710050 Thread added: 0x000001bbedb33450
Event: 76.202 Thread 0x000001bbedb31fe0 Thread added: 0x000001bbf4be19b0
Event: 80.541 Thread 0x000001bbf4be19b0 Thread exited: 0x000001bbf4be19b0
Event: 82.232 Thread 0x000001bbedb33450 Thread added: 0x000001bbf4be2750
Event: 85.556 Thread 0x000001bbf4be2750 Thread exited: 0x000001bbf4be2750
Event: 85.780 Thread 0x000001bbedb33450 Thread added: 0x000001bbef50c280
Event: 94.111 Thread 0x000001bbdaa83430 Thread exited: 0x000001bbdaa83430


Dynamic libraries:
0x00007ff7ccb40000 - 0x00007ff7ccb4e000 	D:\Apps\cineversemvicleanarchitecture\.gradle\jdks\eclipse_adoptium-21-amd64-windows.2\bin\java.exe
0x00007ffc518e0000 - 0x00007ffc51b46000 	C:\WINDOWS\SYSTEM32\ntdll.dll
0x00007ffc507e0000 - 0x00007ffc508a9000 	C:\WINDOWS\System32\KERNEL32.DLL
0x00007ffc4f110000 - 0x00007ffc4f50e000 	C:\WINDOWS\System32\KERNELBASE.dll
0x00007ffc30350000 - 0x00007ffc3036e000 	D:\Apps\cineversemvicleanarchitecture\.gradle\jdks\eclipse_adoptium-21-amd64-windows.2\bin\VCRUNTIME140.dll
0x00007ffc4ed70000 - 0x00007ffc4eebc000 	C:\WINDOWS\System32\ucrtbase.dll
0x00007ffc30190000 - 0x00007ffc301a8000 	D:\Apps\cineversemvicleanarchitecture\.gradle\jdks\eclipse_adoptium-21-amd64-windows.2\bin\jli.dll
0x00007ffc4fb30000 - 0x00007ffc4fcf7000 	C:\WINDOWS\System32\USER32.dll
0x00007ffc32400000 - 0x00007ffc32692000 	C:\WINDOWS\WinSxS\amd64_microsoft.windows.common-controls_6595b64144ccf1df_6.0.26100.8875_none_3e0d5d42e32fe9dd\COMCTL32.dll
0x00007ffc4f5e0000 - 0x00007ffc4f607000 	C:\WINDOWS\System32\win32u.dll
0x00007ffc508b0000 - 0x00007ffc50959000 	C:\WINDOWS\System32\msvcrt.dll
0x00007ffc509f0000 - 0x00007ffc50a1b000 	C:\WINDOWS\System32\GDI32.dll
0x00007ffc4eb00000 - 0x00007ffc4ec2a000 	C:\WINDOWS\System32\gdi32full.dll
0x00007ffc4ec30000 - 0x00007ffc4ecd3000 	C:\WINDOWS\System32\msvcp_win.dll
0x00007ffc507a0000 - 0x00007ffc507d2000 	C:\WINDOWS\System32\IMM32.DLL
0x00007ffc482b0000 - 0x00007ffc482bc000 	D:\Apps\cineversemvicleanarchitecture\.gradle\jdks\eclipse_adoptium-21-amd64-windows.2\bin\vcruntime140_1.dll
0x00007ffc2f690000 - 0x00007ffc2f71d000 	D:\Apps\cineversemvicleanarchitecture\.gradle\jdks\eclipse_adoptium-21-amd64-windows.2\bin\msvcp140.dll
0x00007ffbec780000 - 0x00007ffbed510000 	D:\Apps\cineversemvicleanarchitecture\.gradle\jdks\eclipse_adoptium-21-amd64-windows.2\bin\server\jvm.dll
0x00007ffc517e0000 - 0x00007ffc51897000 	C:\WINDOWS\System32\ADVAPI32.dll
0x00007ffc4f610000 - 0x00007ffc4f6ba000 	C:\WINDOWS\System32\sechost.dll
0x00007ffc4fe50000 - 0x00007ffc4ff68000 	C:\WINDOWS\System32\RPCRT4.dll
0x00007ffc50300000 - 0x00007ffc50380000 	C:\WINDOWS\System32\WS2_32.dll
0x00007ffc4e960000 - 0x00007ffc4e9be000 	C:\WINDOWS\SYSTEM32\POWRPROF.dll
0x00007ffc444e0000 - 0x00007ffc444eb000 	C:\WINDOWS\SYSTEM32\VERSION.dll
0x00007ffc44510000 - 0x00007ffc44546000 	C:\WINDOWS\SYSTEM32\WINMM.dll
0x00007ffc4e940000 - 0x00007ffc4e954000 	C:\WINDOWS\SYSTEM32\UMPDC.dll
0x00007ffc4d7a0000 - 0x00007ffc4d7bb000 	C:\WINDOWS\SYSTEM32\kernel.appcore.dll
0x00007ffc444f0000 - 0x00007ffc444fa000 	D:\Apps\cineversemvicleanarchitecture\.gradle\jdks\eclipse_adoptium-21-amd64-windows.2\bin\jimage.dll
0x00007ffc4c020000 - 0x00007ffc4c262000 	C:\WINDOWS\SYSTEM32\DBGHELP.DLL
0x00007ffc4ff70000 - 0x00007ffc502f3000 	C:\WINDOWS\System32\combase.dll
0x00007ffc4fd70000 - 0x00007ffc4fe49000 	C:\WINDOWS\System32\OLEAUT32.dll
0x00007ffc2dff0000 - 0x00007ffc2e02b000 	C:\WINDOWS\SYSTEM32\dbgcore.DLL
0x00007ffc4f520000 - 0x00007ffc4f5cc000 	C:\WINDOWS\System32\bcryptPrimitives.dll
0x00007ffc3e730000 - 0x00007ffc3e73f000 	D:\Apps\cineversemvicleanarchitecture\.gradle\jdks\eclipse_adoptium-21-amd64-windows.2\bin\instrument.dll
0x00007ffc30130000 - 0x00007ffc3014f000 	D:\Apps\cineversemvicleanarchitecture\.gradle\jdks\eclipse_adoptium-21-amd64-windows.2\bin\java.dll
0x00007ffc50ff0000 - 0x00007ffc51782000 	C:\WINDOWS\System32\SHELL32.dll
0x00007ffc4c560000 - 0x00007ffc4cdf2000 	C:\WINDOWS\SYSTEM32\windows.storage.dll
0x00007ffc50ed0000 - 0x00007ffc50fc7000 	C:\WINDOWS\System32\SHCORE.dll
0x00007ffc4fd00000 - 0x00007ffc4fd67000 	C:\WINDOWS\System32\shlwapi.dll
0x00007ffc4ea20000 - 0x00007ffc4ea49000 	C:\WINDOWS\SYSTEM32\profapi.dll
0x00007ffc2ffb0000 - 0x00007ffc2ffc8000 	D:\Apps\cineversemvicleanarchitecture\.gradle\jdks\eclipse_adoptium-21-amd64-windows.2\bin\zip.dll
0x00007ffc3d3b0000 - 0x00007ffc3d3c0000 	D:\Apps\cineversemvicleanarchitecture\.gradle\jdks\eclipse_adoptium-21-amd64-windows.2\bin\net.dll
0x00007ffc47530000 - 0x00007ffc47657000 	C:\WINDOWS\SYSTEM32\WINHTTP.dll
0x00007ffc4dd30000 - 0x00007ffc4dd9c000 	C:\WINDOWS\system32\mswsock.dll
0x00007ffc2fdd0000 - 0x00007ffc2fde6000 	D:\Apps\cineversemvicleanarchitecture\.gradle\jdks\eclipse_adoptium-21-amd64-windows.2\bin\nio.dll
0x00007ffc3b490000 - 0x00007ffc3b4a0000 	D:\Apps\cineversemvicleanarchitecture\.gradle\jdks\eclipse_adoptium-21-amd64-windows.2\bin\verify.dll
0x00007ffc2ffd0000 - 0x00007ffc2fff7000 	D:\Apps\cineversemvicleanarchitecture\.gradle\native\660c5614fbf4a5f2a75b1949f50a0caf5cd603558e7d8a26e50b933a0cfb79d1\windows-amd64\native-platform.dll
0x00007ffc2fc50000 - 0x00007ffc2fcc7000 	D:\Apps\cineversemvicleanarchitecture\.gradle\native\0.2.8\x86_64-windows-gnu\gradle-fileevents.dll
0x00007ffc3a630000 - 0x00007ffc3a63a000 	D:\Apps\cineversemvicleanarchitecture\.gradle\jdks\eclipse_adoptium-21-amd64-windows.2\bin\management.dll
0x00007ffc30560000 - 0x00007ffc3056b000 	D:\Apps\cineversemvicleanarchitecture\.gradle\jdks\eclipse_adoptium-21-amd64-windows.2\bin\management_ext.dll
0x00007ffc50410000 - 0x00007ffc50418000 	C:\WINDOWS\System32\PSAPI.DLL
0x00007ffc4d150000 - 0x00007ffc4d183000 	C:\WINDOWS\SYSTEM32\IPHLPAPI.DLL
0x00007ffc4fa90000 - 0x00007ffc4fa9a000 	C:\WINDOWS\System32\NSI.dll
0x00007ffc30490000 - 0x00007ffc30499000 	D:\Apps\cineversemvicleanarchitecture\.gradle\jdks\eclipse_adoptium-21-amd64-windows.2\bin\extnet.dll
0x00007ffc4e160000 - 0x00007ffc4e17b000 	C:\WINDOWS\SYSTEM32\CRYPTSP.dll
0x00007ffc4d700000 - 0x00007ffc4d739000 	C:\WINDOWS\system32\rsaenh.dll
0x00007ffc4ddf0000 - 0x00007ffc4de22000 	C:\WINDOWS\SYSTEM32\USERENV.dll
0x00007ffc4e9f0000 - 0x00007ffc4ea1a000 	C:\WINDOWS\SYSTEM32\bcrypt.dll
0x00007ffc4dfa0000 - 0x00007ffc4dfac000 	C:\WINDOWS\SYSTEM32\CRYPTBASE.dll
0x00007ffc2ffa0000 - 0x00007ffc2ffae000 	D:\Apps\cineversemvicleanarchitecture\.gradle\jdks\eclipse_adoptium-21-amd64-windows.2\bin\sunmscapi.dll
0x00007ffc4eed0000 - 0x00007ffc4f048000 	C:\WINDOWS\System32\CRYPT32.dll
0x00007ffc4e2d0000 - 0x00007ffc4e300000 	C:\WINDOWS\SYSTEM32\ncrypt.dll
0x00007ffc4e280000 - 0x00007ffc4e2bf000 	C:\WINDOWS\SYSTEM32\NTASN1.dll
0x00007ffbe00b0000 - 0x00007ffbe00b8000 	C:\WINDOWS\system32\wshunix.dll
0x00007ffc2c8f0000 - 0x00007ffc2ca7e000 	D:\Apps\cineversemvicleanarchitecture\.gradle\jdks\eclipse_adoptium-21-amd64-windows.2\bin\awt.dll
0x00007ffc4b560000 - 0x00007ffc4b600000 	C:\WINDOWS\SYSTEM32\apphelp.dll
0x00007ffc4b6a0000 - 0x00007ffc4b749000 	C:\WINDOWS\system32\uxtheme.dll
0x00007ffc4f920000 - 0x00007ffc4fa7d000 	C:\WINDOWS\System32\MSCTF.dll
0x00007ffc4f6c0000 - 0x00007ffc4f859000 	C:\WINDOWS\System32\ole32.dll
0x00007ffc4d8d0000 - 0x00007ffc4d906000 	C:\WINDOWS\SYSTEM32\ntmarta.dll
0x00007ffc3ac40000 - 0x00007ffc3ac47000 	D:\Apps\cineversemvicleanarchitecture\.gradle\jdks\eclipse_adoptium-21-amd64-windows.2\bin\rmi.dll

dbghelp: loaded successfully - version: 4.0.5 - missing functions: none
symbol engine: initialized successfully - sym options: 0x614 - pdb path: .;D:\Apps\cineversemvicleanarchitecture\.gradle\jdks\eclipse_adoptium-21-amd64-windows.2\bin;C:\WINDOWS\SYSTEM32;C:\WINDOWS\WinSxS\amd64_microsoft.windows.common-controls_6595b64144ccf1df_6.0.26100.8875_none_3e0d5d42e32fe9dd;D:\Apps\cineversemvicleanarchitecture\.gradle\jdks\eclipse_adoptium-21-amd64-windows.2\bin\server;D:\Apps\cineversemvicleanarchitecture\.gradle\native\660c5614fbf4a5f2a75b1949f50a0caf5cd603558e7d8a26e50b933a0cfb79d1\windows-amd64;D:\Apps\cineversemvicleanarchitecture\.gradle\native\0.2.8\x86_64-windows-gnu

VM Arguments:
jvm_args: --add-opens=java.base/java.lang=ALL-UNNAMED --add-opens=java.base/java.lang.invoke=ALL-UNNAMED --add-opens=java.base/java.util=ALL-UNNAMED --add-opens=java.prefs/java.util.prefs=ALL-UNNAMED --add-exports=jdk.compiler/com.sun.tools.javac.api=ALL-UNNAMED --add-exports=jdk.compiler/com.sun.tools.javac.util=ALL-UNNAMED --add-opens=java.base/java.nio.charset=ALL-UNNAMED --add-opens=java.base/java.net=ALL-UNNAMED --add-opens=java.base/java.util.concurrent=ALL-UNNAMED --add-opens=java.base/java.util.concurrent.atomic=ALL-UNNAMED --add-opens=java.xml/javax.xml.namespace=ALL-UNNAMED --add-opens=java.base/java.time=ALL-UNNAMED -XX:TieredStopAtLevel=1 -Xmx1024m -Dfile.encoding=UTF-8 -Duser.country=IN -Duser.language=en -Duser.variant -javaagent:D:\Apps\cineversemvicleanarchitecture\.gradle\wrapper\dists\gradle-9.6.1-bin\4ticwg1pgcbps2hj28r8so764\gradle-9.6.1\lib\agents\gradle-instrumentation-agent-9.6.1.jar 
java_command: org.gradle.launcher.daemon.bootstrap.GradleDaemon 9.6.1
java_class_path (initial): D:\Apps\cineversemvicleanarchitecture\.gradle\wrapper\dists\gradle-9.6.1-bin\4ticwg1pgcbps2hj28r8so764\gradle-9.6.1\lib\gradle-daemon-main-9.6.1.jar
Launcher Type: SUN_STANDARD

[Global flags]
     intx CICompilerCount                          = 4                                         {product} {ergonomic}
     uint ConcGCThreads                            = 2                                         {product} {ergonomic}
     uint G1ConcRefinementThreads                  = 8                                         {product} {ergonomic}
   size_t G1HeapRegionSize                         = 1048576                                   {product} {ergonomic}
    uintx GCDrainStackTargetSize                   = 64                                        {product} {ergonomic}
   size_t InitialHeapSize                          = 264241152                                 {product} {ergonomic}
   size_t MarkStackSize                            = 4194304                                   {product} {ergonomic}
   size_t MaxHeapSize                              = 1073741824                                {product} {command line}
   size_t MaxNewSize                               = 643825664                                 {product} {ergonomic}
   size_t MinHeapDeltaBytes                        = 1048576                                   {product} {ergonomic}
   size_t MinHeapSize                              = 8388608                                   {product} {ergonomic}
    uintx NonNMethodCodeHeapSize                   = 4096                                   {pd product} {ergonomic}
    uintx NonProfiledCodeHeapSize                  = 0                                      {pd product} {ergonomic}
     bool ProfileInterpreter                       = false                                  {pd product} {command line}
    uintx ProfiledCodeHeapSize                     = 0                                      {pd product} {ergonomic}
   size_t SoftMaxHeapSize                          = 1073741824                             {manageable} {ergonomic}
     intx TieredStopAtLevel                        = 1                                         {product} {command line}
     bool UseCompressedOops                        = true                           {product lp64_product} {ergonomic}
     bool UseG1GC                                  = true                                      {product} {ergonomic}
     bool UseLargePagesIndividualAllocation        = false                                  {pd product} {ergonomic}

Logging:
Log output configuration:
 #0: stdout all=warning uptime,level,tags foldmultilines=false
 #1: stderr all=off uptime,level,tags foldmultilines=false

Environment Variables:
JAVA_HOME=C:\Program Files\Java\jdk-17
PATH=C:\Users\sidd8\.codex\tmp\arg0\codex-arg0zk8rVm;C:\Program Files\Java\jdk-17\bin;C:\Users\sidd8\AppData\Local\Microsoft\WindowsApps;C:\Users\sidd8\AppData\Local\GitHubDesktop\bin;C:\Users\sidd8\AppData\Local\OpenAI\Codex\bin\2e371a028d4fba76;C:\Program Files\WindowsApps\OpenAI.Codex_26.803.10989.0_x64__2p2nqsd0c76g0\app\resources
USERNAME=sidd8
LANG=C.UTF-8
LC_ALL=C.UTF-8
LC_CTYPE=C.UTF-8
TERM=dumb
OS=Windows_NT
PROCESSOR_IDENTIFIER=Intel64 Family 6 Model 140 Stepping 1, GenuineIntel
TMP=C:\Users\sidd8\AppData\Local\Temp
TEMP=C:\Users\sidd8\AppData\Local\Temp




Periodic native trim disabled

---------------  S Y S T E M  ---------------

OS:
 Windows 11 , 64 bit Build 26100 (10.0.26100.8875)
OS uptime: 12 days 8:17 hours
Hyper-V role detected

CPU: total 8 (initial active 8) (4 cores per cpu, 2 threads per core) family 6 model 140 stepping 1 microcode 0xbe, cx8, cmov, fxsr, ht, mmx, 3dnowpref, sse, sse2, sse3, ssse3, sse4.1, sse4.2, popcnt, lzcnt, tsc, tscinvbit, avx, avx2, aes, erms, clmul, bmi1, bmi2, adx, avx512f, avx512dq, avx512cd, avx512bw, avx512vl, sha, fma, vzeroupper, avx512_vpopcntdq, avx512_vpclmulqdq, avx512_vaes, avx512_vnni, clflush, clflushopt, clwb, avx512_vbmi2, avx512_vbmi, hv, rdtscp, rdpid, fsrm, gfni, avx512_bitalg, f16c, cet_ibt, cet_ss, avx512_ifma
Processor Information for processor 0
  Max Mhz: 1498, Current Mhz: 1498, Mhz Limit: 1498
Processor Information for processor 1
  Max Mhz: 1498, Current Mhz: 1498, Mhz Limit: 1498
Processor Information for processor 2
  Max Mhz: 1498, Current Mhz: 1498, Mhz Limit: 1498
Processor Information for processor 3
  Max Mhz: 1498, Current Mhz: 1198, Mhz Limit: 1498
Processor Information for processor 4
  Max Mhz: 1498, Current Mhz: 1498, Mhz Limit: 1498
Processor Information for processor 5
  Max Mhz: 1498, Current Mhz: 1498, Mhz Limit: 1498
Processor Information for processor 6
  Max Mhz: 1498, Current Mhz: 1498, Mhz Limit: 1498
Processor Information for processor 7
  Max Mhz: 1498, Current Mhz: 1198, Mhz Limit: 1498

Memory: 4k page, system-wide physical 16106M (909M free)
TotalPageFile size 34567M (AvailPageFile size 5M)
current process WorkingSet (physical memory assigned to process): 857M, peak: 869M
current process commit charge ("private bytes"): 965M, peak: 980M

vm_info: OpenJDK 64-Bit Server VM (21.0.7+6-LTS) for windows-amd64 JRE (21.0.7+6-LTS), built on 2025-04-15T00:00:00Z by "admin" with MS VC++ 17.7 (VS2022)

END.
